{"stats":{"minecraft:killed":{"minecraft:pillager":1,"minecraft:chicken":3},"minecraft:mined":{"minecraft:hay_block":7,"minecraft:mud":8,"minecraft:mossy_cobblestone":5,"minecraft:jungle_fence":1,"minecraft:moss_carpet":1,"minecraft:azure_bluet":2,"minecraft:short_grass":2,"minecraft:coal_ore":24,"minecraft:decorated_pot":3,"minecraft:vine":1,"minecraft:jungle_log":23,"minecraft:stone":31},"minecraft:killed_by":{"minecraft:drowned":1},"minecraft:custom":{"minecraft:time_since_rest":3903,"minecraft:sprint_one_cm":62314,"minecraft:damage_taken":460,"minecraft:walk_one_cm":90562,"minecraft:mob_kills":4,"minecraft:damage_dealt":360,"minecraft:swim_one_cm":32654,"minecraft:interact_with_crafting_table":5,"minecraft:fly_one_cm":11653,"minecraft:open_chest":2,"minecraft:crouch_one_cm":911,"minecraft:play_time":24780,"minecraft:deaths":1,"minecraft:interact_with_campfire":3,"minecraft:sneak_time":885,"minecraft:walk_under_water_one_cm":5625,"minecraft:jump":169,"minecraft:walk_on_water_one_cm":25465,"minecraft:time_since_death":3840,"minecraft:sleep_in_bed":2,"minecraft:total_world_time":24780,"minecraft:climb_one_cm":420,"minecraft:fall_one_cm":2971},"minecraft:used":{"minecraft:stone_sword":6,"minecraft:stone_pickaxe":63,"minecraft:wooden_pickaxe":19,"minecraft:cooked_chicken":3,"minecraft:wooden_sword":11,"minecraft:crafting_table":1},"minecraft:crafted":{"minecraft:wooden_sword":1,"minecraft:crafting_table":1,"minecraft:stick":8,"minecraft:wooden_pickaxe":1,"minecraft:stone_pickaxe":1,"minecraft:stone_sword":1,"minecraft:stone_axe":1,"minecraft:jungle_planks":16},"minecraft:picked_up":{"minecraft:mud":14,"minecraft:azure_bluet":4,"minecraft:feather":2,"minecraft:chicken":3,"minecraft:jungle_log":42,"minecraft:jungle_fence":2,"minecraft:wooden_pickaxe":1,"minecraft:filled_map":1,"minecraft:jungle_planks":3,"minecraft:brick":24,"minecraft:mossy_cobblestone":10,"minecraft:moss_carpet":4,"minecraft:wooden_sword":1,"minecraft:name_tag":1,"minecraft:arrow":4,"minecraft:stone_sword":1,"minecraft:apple":2,"minecraft:stone_axe":1,"minecraft:hay_block":14,"minecraft:crossbow":2,"minecraft:stone_pickaxe":1,"minecraft:cooked_chicken":3,"minecraft:gold_ingot":2,"minecraft:coal":131,"minecraft:cobblestone":53,"minecraft:egg":4}},"DataVersion":3953}