{"stats":{"minecraft:used":{"minecraft:cooked_mutton":1,"minecraft:stone_sword":34,"minecraft:iron_shovel":253,"minecraft:stone_pickaxe":84,"minecraft:stone_shovel":199,"mcwroofs:spruce_planks_steep_roof":3,"minecraft:baked_potato":39,"minecraft:ladder":5,"minecraft:wooden_pickaxe":8,"minecraft:cooked_chicken":3,"minecraft:torch":45,"minecraft:dirt":133,"minecraft:crafting_table":3,"minecraft:spruce_fence":1,"minecraft:spruce_log":662,"minecraft:wooden_axe":88,"minecraft:iron_axe":522,"minecraft:spruce_sapling":8,"minecraft:stone_axe":265,"minecraft:wooden_sword":16,"minecraft:cobblestone":37,"minecraft:furnace":1,"minecraft:cooked_rabbit":1,"minecraft:cooked_beef":10},"minecraft:crafted":{"minecraft:cooked_beef":10,"minecraft:wooden_sword":1,"minecraft:stone_shovel":1,"minecraft:leather_boots":1,"minecraft:crafting_table":1,"minecraft:spruce_planks":44,"minecraft:baked_potato":39,"minecraft:wooden_pickaxe":1,"minecraft:cooked_chicken":3,"minecraft:furnace":1,"minecraft:stone_axe":2,"minecraft:cooked_mutton":1,"mcwroofs:spruce_planks_steep_roof":4,"minecraft:iron_axe":2,"minecraft:ladder":12,"minecraft:stick":56,"minecraft:iron_ingot":8,"minecraft:stone_pickaxe":1,"minecraft:wooden_axe":2,"minecraft:stone_sword":1,"minecraft:iron_shovel":1,"minecraft:torch":68,"minecraft:cooked_rabbit":1},"minecraft:killed":{"minecraft:spider":1,"minecraft:phantom":1,"minecraft:sheep":1,"minecraft:pillager":1,"minecraft:zombie":1,"minecraft:chicken":3,"minecraft:cow":5},"minecraft:custom":{"minecraft:interact_with_furnace":40,"minecraft:mob_kills":13,"minecraft:animals_bred":1,"minecraft:interact_with_crafting_table":15,"minecraft:open_barrel":5,"minecraft:interact_with_stonecutter":2,"minecraft:leave_game":11,"minecraft:time_since_death":142703,"minecraft:sleep_in_bed":6,"minecraft:climb_one_cm":1233,"minecraft:time_since_rest":13216,"minecraft:sprint_one_cm":364200,"minecraft:damage_taken":4225,"minecraft:walk_one_cm":1074748,"minecraft:drop":1,"minecraft:damage_dealt":1753,"minecraft:swim_one_cm":9321,"minecraft:fly_one_cm":74114,"minecraft:open_chest":15,"minecraft:crouch_one_cm":5033,"minecraft:play_time":208539,"minecraft:deaths":4,"minecraft:sneak_time":4561,"minecraft:walk_under_water_one_cm":6114,"minecraft:jump":2260,"minecraft:walk_on_water_one_cm":16329,"minecraft:total_world_time":208539,"minecraft:fall_one_cm":57805},"minecraft:broken":{"minecraft:stone_pickaxe":1,"minecraft:iron_axe":2,"minecraft:stone_axe":2,"minecraft:wooden_axe":1,"minecraft:stone_shovel":1,"minecraft:wooden_pickaxe":1},"minecraft:dropped":{"minecraft:pointed_dripstone":2},"minecraft:killed_by":{"minecraft:creeper":1,"minecraft:zombie":2,"minecraft:drowned":1},"minecraft:picked_up":{"minecraft:wooden_axe":4,"minecraft:crafting_table":4,"minecraft:wheat":2,"minecraft:feather":6,"minecraft:cooked_beef":8,"minecraft:chicken":5,"minecraft:ladder":5,"minecraft:clay_ball":132,"minecraft:leather":10,"minecraft:brown_mushroom":6,"minecraft:potato":35,"minecraft:dirt":659,"minecraft:lapis_lazuli":54,"minecraft:string":1,"minecraft:moss_carpet":3,"minecraft:iron_axe":2,"minecraft:wooden_sword":2,"minecraft:leather_boots":2,"minecraft:iron_shovel":2,"minecraft:bone":5,"minecraft:wheat_seeds":19,"minecraft:spruce_planks":2,"minecraft:iron_ingot":8,"minecraft:beef":14,"minecraft:rabbit":1,"minecraft:sugar_cane":57,"mcwroofs:spruce_planks_steep_roof":11,"minecraft:phantom_membrane":1,"minecraft:egg":17,"minecraft:stick":157,"minecraft:raw_iron":8,"minecraft:sweet_berries":39,"minecraft:torch":75,"minecraft:poisonous_potato":1,"minecraft:dripstone_block":3,"minecraft:spruce_fence":1,"minecraft:spruce_sapling":164,"minecraft:pointed_dripstone":2,"minecraft:diorite":3,"minecraft:spruce_log":1009,"minecraft:stone_sword":1,"minecraft:arrow":3,"minecraft:rotten_flesh":5,"minecraft:granite":39,"minecraft:cobblestone":87,"minecraft:mutton":1,"minecraft:coal":219,"minecraft:white_wool":1,"minecraft:oxeye_daisy":167},"minecraft:mined":{"minecraft:brown_mushroom":2,"minecraft:clay":11,"minecraft:glow_lichen":1,"minecraft:crafting_table":2,"minecraft:torch":2,"minecraft:ladder":5,"minecraft:granite":13,"minecraft:short_grass":117,"minecraft:spruce_fence":1,"minecraft:grass_block":272,"minecraft:tall_grass":4,"minecraft:cobblestone":23,"minecraft:spruce_leaves":85,"minecraft:sugar_cane":8,"minecraft:oxeye_daisy":56,"minecraft:diorite":1,"minecraft:large_fern":5,"mcwroofs:spruce_planks_steep_roof":3,"minecraft:carrots":1,"minecraft:sweet_berry_bush":17,"minecraft:spruce_log":776,"minecraft:moss_carpet":1,"minecraft:potatoes":14,"minecraft:pointed_dripstone":2,"minecraft:dripstone_block":2,"minecraft:dirt":203,"minecraft:stone":48,"minecraft:fern":7,"minecraft:podzol":17}},"DataVersion":3953}