{"stats":{"minecraft:used":{"minecraft:stone_sword":34,"minecraft:iron_shovel":253,"minecraft:stone_pickaxe":84,"minecraft:stone_shovel":199,"mcwroofs:spruce_planks_steep_roof":3,"minecraft:baked_potato":6,"minecraft:ladder":5,"minecraft:wooden_pickaxe":8,"minecraft:cooked_chicken":1,"minecraft:torch":45,"minecraft:dirt":58,"minecraft:crafting_table":3,"minecraft:spruce_fence":1,"minecraft:spruce_log":235,"minecraft:wooden_axe":42,"minecraft:iron_axe":268,"minecraft:spruce_sapling":8,"minecraft:wooden_sword":10,"minecraft:cobblestone":37,"minecraft:furnace":1,"minecraft:cooked_rabbit":1,"minecraft:cooked_beef":10},"minecraft:crafted":{"minecraft:cooked_beef":10,"minecraft:wooden_sword":1,"minecraft:stone_shovel":1,"minecraft:leather_boots":1,"minecraft:crafting_table":1,"minecraft:spruce_planks":44,"minecraft:baked_potato":6,"minecraft:wooden_pickaxe":1,"minecraft:cooked_chicken":1,"minecraft:furnace":1,"mcwroofs:spruce_planks_steep_roof":4,"minecraft:iron_axe":1,"minecraft:ladder":12,"minecraft:stick":56,"minecraft:iron_ingot":8,"minecraft:stone_pickaxe":1,"minecraft:wooden_axe":2,"minecraft:stone_sword":1,"minecraft:iron_shovel":1,"minecraft:torch":68,"minecraft:cooked_rabbit":1},"minecraft:killed":{"minecraft:spider":1,"minecraft:pillager":1,"minecraft:zombie":1,"minecraft:chicken":1,"minecraft:cow":5},"minecraft:custom":{"minecraft:interact_with_furnace":22,"minecraft:mob_kills":9,"minecraft:interact_with_crafting_table":13,"minecraft:open_barrel":2,"minecraft:interact_with_stonecutter":2,"minecraft:leave_game":7,"minecraft:time_since_death":76907,"minecraft:sleep_in_bed":2,"minecraft:climb_one_cm":1233,"minecraft:time_since_rest":59568,"minecraft:sprint_one_cm":255973,"minecraft:damage_taken":2345,"minecraft:walk_one_cm":757456,"minecraft:drop":1,"minecraft:damage_dealt":1434,"minecraft:swim_one_cm":9321,"minecraft:fly_one_cm":52872,"minecraft:open_chest":10,"minecraft:crouch_one_cm":2319,"minecraft:play_time":142743,"minecraft:deaths":4,"minecraft:sneak_time":2449,"minecraft:walk_under_water_one_cm":4210,"minecraft:jump":1384,"minecraft:walk_on_water_one_cm":14043,"minecraft:total_world_time":142743,"minecraft:fall_one_cm":20222},"minecraft:broken":{"minecraft:stone_pickaxe":1,"minecraft:iron_axe":1,"minecraft:stone_shovel":1,"minecraft:wooden_pickaxe":1},"minecraft:dropped":{"minecraft:pointed_dripstone":2},"minecraft:killed_by":{"minecraft:creeper":1,"minecraft:zombie":2,"minecraft:drowned":1},"minecraft:picked_up":{"minecraft:wooden_axe":4,"minecraft:crafting_table":4,"minecraft:wheat":2,"minecraft:feather":3,"minecraft:cooked_beef":8,"minecraft:chicken":3,"minecraft:ladder":5,"minecraft:clay_ball":132,"minecraft:leather":10,"minecraft:brown_mushroom":6,"minecraft:potato":35,"minecraft:dirt":588,"minecraft:lapis_lazuli":54,"minecraft:string":1,"minecraft:moss_carpet":3,"minecraft:iron_axe":2,"minecraft:wooden_sword":2,"minecraft:leather_boots":2,"minecraft:iron_shovel":2,"minecraft:bone":3,"minecraft:wheat_seeds":16,"minecraft:spruce_planks":2,"minecraft:iron_ingot":8,"minecraft:beef":14,"minecraft:rabbit":1,"minecraft:sugar_cane":57,"mcwroofs:spruce_planks_steep_roof":11,"minecraft:egg":15,"minecraft:stick":119,"minecraft:raw_iron":8,"minecraft:sweet_berries":36,"minecraft:torch":74,"minecraft:poisonous_potato":1,"minecraft:dripstone_block":3,"minecraft:spruce_fence":1,"minecraft:spruce_sapling":91,"minecraft:pointed_dripstone":2,"minecraft:diorite":3,"minecraft:spruce_log":532,"minecraft:stone_sword":1,"minecraft:arrow":2,"minecraft:rotten_flesh":3,"minecraft:granite":39,"minecraft:coal":219,"minecraft:cobblestone":87,"minecraft:oxeye_daisy":167},"minecraft:mined":{"minecraft:brown_mushroom":2,"minecraft:clay":11,"minecraft:crafting_table":2,"minecraft:torch":1,"minecraft:glow_lichen":1,"minecraft:ladder":5,"minecraft:granite":13,"minecraft:short_grass":107,"minecraft:grass_block":271,"minecraft:spruce_fence":1,"minecraft:tall_grass":4,"minecraft:cobblestone":23,"minecraft:spruce_leaves":16,"minecraft:sugar_cane":8,"minecraft:oxeye_daisy":56,"minecraft:diorite":1,"minecraft:large_fern":4,"mcwroofs:spruce_planks_steep_roof":3,"minecraft:carrots":1,"minecraft:sweet_berry_bush":16,"minecraft:spruce_log":296,"minecraft:moss_carpet":1,"minecraft:potatoes":14,"minecraft:pointed_dripstone":2,"minecraft:dripstone_block":2,"minecraft:dirt":125,"minecraft:stone":48,"minecraft:fern":5,"minecraft:podzol":17}},"DataVersion":3953}