{"stats":{"minecraft:broken":{"minecraft:stone_pickaxe":1,"minecraft:iron_axe":2,"minecraft:stone_axe":3,"minecraft:wooden_axe":2,"minecraft:stone_shovel":1,"minecraft:wooden_pickaxe":1},"minecraft:killed_by":{"minecraft:skeleton":1,"minecraft:creeper":1,"minecraft:spider":1,"minecraft:zombie":2,"minecraft:drowned":1},"minecraft:dropped":{"minecraft:sweet_berries":39,"minecraft:wheat_seeds":11,"minecraft:rotten_flesh":4,"minecraft:pointed_dripstone":2,"mcwroofs:spruce_planks_steep_roof":4,"minecraft:phantom_membrane":2,"minecraft:spruce_sapling":128},"minecraft:crafted":{"minecraft:cooked_beef":10,"minecraft:wooden_sword":1,"minecraft:oak_planks":522,"minecraft:stone_shovel":1,"minecraft:leather_boots":1,"minecraft:crafting_table":1,"minecraft:spruce_planks":44,"minecraft:cooked_chicken":3,"minecraft:baked_potato":39,"minecraft:wooden_pickaxe":1,"minecraft:furnace":1,"minecraft:stone_axe":5,"minecraft:cooked_mutton":16,"mcwroofs:spruce_planks_steep_roof":4,"minecraft:iron_axe":2,"minecraft:ladder":12,"minecraft:stick":56,"minecraft:iron_ingot":8,"minecraft:stone_pickaxe":1,"minecraft:wooden_axe":2,"minecraft:stone_sword":1,"minecraft:chest":2,"minecraft:iron_shovel":1,"minecraft:torch":68,"minecraft:cooked_rabbit":1},"minecraft:mined":{"minecraft:spruce_planks":6,"minecraft:brown_mushroom":2,"minecraft:clay":11,"minecraft:glow_lichen":1,"minecraft:crafting_table":2,"minecraft:torch":2,"minecraft:ladder":5,"minecraft:granite":13,"minecraft:short_grass":120,"minecraft:spruce_fence":1,"minecraft:grass_block":275,"minecraft:tall_grass":4,"minecraft:cobblestone":23,"minecraft:spruce_leaves":102,"minecraft:oak_planks":6,"minecraft:sugar_cane":8,"minecraft:oxeye_daisy":56,"minecraft:diorite":1,"mcwroofs:spruce_planks_steep_roof":3,"minecraft:large_fern":5,"minecraft:carrots":1,"minecraft:sweet_berry_bush":17,"minecraft:spruce_log":939,"minecraft:moss_carpet":1,"minecraft:potatoes":14,"minecraft:pointed_dripstone":2,"minecraft:dripstone_block":2,"minecraft:dirt":220,"minecraft:stone":48,"minecraft:fern":7,"minecraft:podzol":17},"minecraft:picked_up":{"minecraft:wooden_axe":4,"minecraft:crafting_table":4,"minecraft:wheat":6,"minecraft:feather":14,"minecraft:cooked_beef":8,"minecraft:chicken":5,"minecraft:ladder":5,"minecraft:clay_ball":220,"minecraft:leather":10,"minecraft:brown_mushroom":10,"minecraft:potato":35,"minecraft:oak_log":11,"minecraft:lapis_lazuli":90,"minecraft:string":1,"minecraft:dirt":777,"minecraft:moss_carpet":3,"minecraft:iron_axe":2,"minecraft:wooden_sword":4,"minecraft:cooked_mutton":24,"minecraft:leather_boots":4,"minecraft:iron_shovel":4,"minecraft:bone":19,"minecraft:wheat_seeds":41,"minecraft:spruce_planks":71,"minecraft:iron_ingot":10,"minecraft:beef":14,"minecraft:rabbit":1,"minecraft:sugar_cane":57,"minecraft:oak_planks":12,"mcwroofs:spruce_planks_steep_roof":19,"minecraft:phantom_membrane":5,"minecraft:egg":21,"minecraft:stick":315,"minecraft:raw_iron":8,"minecraft:sweet_berries":156,"minecraft:torch":111,"minecraft:poisonous_potato":3,"minecraft:dripstone_block":3,"minecraft:spruce_fence":1,"minecraft:spruce_sapling":634,"minecraft:pointed_dripstone":2,"minecraft:diorite":3,"minecraft:spruce_log":1392,"minecraft:stone_sword":1,"minecraft:arrow":13,"minecraft:rotten_flesh":19,"minecraft:stone_axe":6,"minecraft:granite":39,"minecraft:mutton":1,"minecraft:coal":343,"minecraft:cobblestone":107,"minecraft:white_wool":3,"minecraft:oxeye_daisy":295},"minecraft:killed":{"minecraft:spider":1,"minecraft:phantom":1,"minecraft:skeleton":1,"minecraft:sheep":1,"minecraft:pillager":2,"minecraft:zombie":1,"minecraft:chicken":3,"minecraft:cow":5},"minecraft:custom":{"minecraft:interact_with_furnace":42,"minecraft:mob_kills":15,"minecraft:animals_bred":1,"minecraft:interact_with_crafting_table":20,"minecraft:open_barrel":5,"minecraft:interact_with_stonecutter":2,"minecraft:leave_game":13,"minecraft:time_since_death":34097,"minecraft:sleep_in_bed":9,"minecraft:climb_one_cm":1233,"minecraft:time_since_rest":3828,"minecraft:sprint_one_cm":500401,"minecraft:damage_taken":5080,"minecraft:walk_one_cm":1380966,"minecraft:drop":9,"minecraft:damage_dealt":2193,"minecraft:swim_one_cm":9321,"minecraft:talked_to_villager":1,"minecraft:fly_one_cm":89470,"minecraft:open_chest":24,"minecraft:crouch_one_cm":5748,"minecraft:play_time":264985,"minecraft:deaths":6,"minecraft:sneak_time":5209,"minecraft:walk_under_water_one_cm":6114,"minecraft:jump":2515,"minecraft:walk_on_water_one_cm":16329,"minecraft:total_world_time":264985,"minecraft:fall_one_cm":62316},"minecraft:used":{"minecraft:cooked_mutton":7,"minecraft:stone_sword":34,"minecraft:iron_shovel":253,"minecraft:stone_pickaxe":84,"minecraft:stone_shovel":199,"mcwroofs:spruce_planks_steep_roof":3,"minecraft:oak_planks":512,"minecraft:baked_potato":39,"minecraft:ladder":5,"minecraft:chest":2,"minecraft:spruce_planks":6,"minecraft:wooden_pickaxe":8,"minecraft:cooked_chicken":3,"minecraft:torch":54,"minecraft:dirt":156,"minecraft:crafting_table":3,"minecraft:spruce_fence":1,"minecraft:spruce_log":988,"minecraft:wooden_axe":123,"minecraft:iron_axe":522,"minecraft:spruce_sapling":8,"minecraft:stone_axe":431,"minecraft:wooden_sword":29,"minecraft:cobblestone":47,"minecraft:furnace":1,"minecraft:cooked_rabbit":1,"minecraft:cooked_beef":10}},"DataVersion":3953}