{"stats":{"minecraft:used":{"minecraft:wooden_axe":20,"minecraft:wooden_pickaxe":8,"minecraft:torch":12,"minecraft:dirt":1,"minecraft:cobblestone":1,"minecraft:crafting_table":1},"minecraft:crafted":{"minecraft:wooden_sword":1,"minecraft:stone_shovel":1,"minecraft:crafting_table":1,"minecraft:spruce_planks":44,"minecraft:stick":56,"minecraft:wooden_pickaxe":1,"minecraft:stone_pickaxe":1,"minecraft:wooden_axe":2,"minecraft:stone_sword":1,"minecraft:torch":68},"minecraft:broken":{"minecraft:wooden_pickaxe":1},"minecraft:custom":{"minecraft:time_since_rest":12412,"minecraft:sprint_one_cm":23761,"minecraft:damage_taken":545,"minecraft:walk_one_cm":48367,"minecraft:interact_with_crafting_table":5,"minecraft:swim_one_cm":6729,"minecraft:fly_one_cm":5823,"minecraft:crouch_one_cm":12,"minecraft:play_time":16030,"minecraft:deaths":2,"minecraft:sneak_time":693,"minecraft:walk_under_water_one_cm":2548,"minecraft:jump":174,"minecraft:leave_game":1,"minecraft:walk_on_water_one_cm":7760,"minecraft:time_since_death":11266,"minecraft:total_world_time":16030,"minecraft:fall_one_cm":2500},"minecraft:killed_by":{"minecraft:drowned":1,"minecraft:zombie":1},"minecraft:picked_up":{"minecraft:stick":3,"minecraft:raw_iron":2,"minecraft:spruce_sapling":4,"minecraft:spruce_log":32,"minecraft:dirt":1,"minecraft:coal":54,"minecraft:egg":2,"minecraft:cobblestone":7,"minecraft:oxeye_daisy":1},"minecraft:mined":{"minecraft:spruce_log":35,"minecraft:grass_block":1,"minecraft:stone":7,"minecraft:oxeye_daisy":1}},"DataVersion":3953}