{"stats":{"minecraft:used":{"minecraft:stone_sword":34,"minecraft:iron_shovel":253,"minecraft:stone_pickaxe":84,"minecraft:stone_shovel":199,"mcwroofs:spruce_planks_steep_roof":3,"minecraft:baked_potato":21,"minecraft:ladder":5,"minecraft:wooden_pickaxe":8,"minecraft:cooked_chicken":1,"minecraft:torch":45,"minecraft:dirt":95,"minecraft:crafting_table":3,"minecraft:spruce_fence":1,"minecraft:spruce_log":362,"minecraft:wooden_axe":88,"minecraft:iron_axe":374,"minecraft:spruce_sapling":8,"minecraft:wooden_sword":14,"minecraft:cobblestone":37,"minecraft:furnace":1,"minecraft:cooked_rabbit":1,"minecraft:cooked_beef":10},"minecraft:crafted":{"minecraft:cooked_beef":10,"minecraft:wooden_sword":1,"minecraft:stone_shovel":1,"minecraft:leather_boots":1,"minecraft:crafting_table":1,"minecraft:spruce_planks":44,"minecraft:baked_potato":25,"minecraft:wooden_pickaxe":1,"minecraft:cooked_chicken":1,"minecraft:furnace":1,"mcwroofs:spruce_planks_steep_roof":4,"minecraft:iron_axe":2,"minecraft:ladder":12,"minecraft:stick":56,"minecraft:iron_ingot":8,"minecraft:stone_pickaxe":1,"minecraft:wooden_axe":2,"minecraft:stone_sword":1,"minecraft:iron_shovel":1,"minecraft:torch":68,"minecraft:cooked_rabbit":1},"minecraft:killed":{"minecraft:spider":1,"minecraft:sheep":1,"minecraft:pillager":1,"minecraft:zombie":1,"minecraft:chicken":3,"minecraft:cow":5},"minecraft:custom":{"minecraft:interact_with_furnace":31,"minecraft:mob_kills":12,"minecraft:interact_with_crafting_table":14,"minecraft:open_barrel":2,"minecraft:interact_with_stonecutter":2,"minecraft:leave_game":9,"minecraft:time_since_death":100384,"minecraft:sleep_in_bed":2,"minecraft:climb_one_cm":1233,"minecraft:time_since_rest":83045,"minecraft:sprint_one_cm":293666,"minecraft:damage_taken":2945,"minecraft:walk_one_cm":880371,"minecraft:drop":1,"minecraft:damage_dealt":1554,"minecraft:swim_one_cm":9321,"minecraft:fly_one_cm":60085,"minecraft:open_chest":10,"minecraft:crouch_one_cm":3430,"minecraft:play_time":166220,"minecraft:deaths":4,"minecraft:sneak_time":3252,"minecraft:walk_under_water_one_cm":4210,"minecraft:jump":1667,"minecraft:walk_on_water_one_cm":14053,"minecraft:total_world_time":166220,"minecraft:fall_one_cm":29548},"minecraft:broken":{"minecraft:stone_pickaxe":1,"minecraft:iron_axe":1,"minecraft:wooden_axe":1,"minecraft:stone_shovel":1,"minecraft:wooden_pickaxe":1},"minecraft:dropped":{"minecraft:pointed_dripstone":2},"minecraft:killed_by":{"minecraft:creeper":1,"minecraft:zombie":2,"minecraft:drowned":1},"minecraft:picked_up":{"minecraft:wooden_axe":4,"minecraft:crafting_table":4,"minecraft:wheat":2,"minecraft:feather":6,"minecraft:cooked_beef":8,"minecraft:chicken":5,"minecraft:ladder":5,"minecraft:clay_ball":132,"minecraft:leather":10,"minecraft:brown_mushroom":6,"minecraft:potato":35,"minecraft:dirt":622,"minecraft:lapis_lazuli":54,"minecraft:string":1,"minecraft:moss_carpet":3,"minecraft:iron_axe":2,"minecraft:wooden_sword":2,"minecraft:leather_boots":2,"minecraft:iron_shovel":2,"minecraft:bone":5,"minecraft:wheat_seeds":18,"minecraft:spruce_planks":2,"minecraft:iron_ingot":8,"minecraft:beef":14,"minecraft:rabbit":1,"minecraft:sugar_cane":57,"mcwroofs:spruce_planks_steep_roof":11,"minecraft:egg":16,"minecraft:stick":128,"minecraft:raw_iron":8,"minecraft:sweet_berries":39,"minecraft:torch":74,"minecraft:poisonous_potato":1,"minecraft:dripstone_block":3,"minecraft:spruce_fence":1,"minecraft:spruce_sapling":106,"minecraft:pointed_dripstone":2,"minecraft:diorite":3,"minecraft:spruce_log":661,"minecraft:stone_sword":1,"minecraft:arrow":3,"minecraft:rotten_flesh":5,"minecraft:granite":39,"minecraft:cobblestone":87,"minecraft:mutton":1,"minecraft:coal":219,"minecraft:white_wool":1,"minecraft:oxeye_daisy":167},"minecraft:mined":{"minecraft:brown_mushroom":2,"minecraft:clay":11,"minecraft:glow_lichen":1,"minecraft:crafting_table":2,"minecraft:torch":1,"minecraft:ladder":5,"minecraft:granite":13,"minecraft:short_grass":109,"minecraft:spruce_fence":1,"minecraft:grass_block":272,"minecraft:tall_grass":4,"minecraft:cobblestone":23,"minecraft:spruce_leaves":32,"minecraft:sugar_cane":8,"minecraft:oxeye_daisy":56,"minecraft:diorite":1,"minecraft:large_fern":5,"mcwroofs:spruce_planks_steep_roof":3,"minecraft:carrots":1,"minecraft:sweet_berry_bush":17,"minecraft:spruce_log":426,"minecraft:moss_carpet":1,"minecraft:potatoes":14,"minecraft:pointed_dripstone":2,"minecraft:dripstone_block":2,"minecraft:dirt":159,"minecraft:stone":48,"minecraft:fern":6,"minecraft:podzol":17}},"DataVersion":3953}