{"stats":{"minecraft:used":{"minecraft:stone_sword":30,"minecraft:iron_shovel":83,"mcwroofs:spruce_planks_steep_roof":3,"minecraft:stone_shovel":199,"minecraft:stone_pickaxe":84,"minecraft:wooden_pickaxe":8,"minecraft:torch":35,"minecraft:dirt":2,"minecraft:crafting_table":2,"minecraft:spruce_log":6,"minecraft:wooden_axe":25,"minecraft:iron_axe":109,"minecraft:cobblestone":37,"minecraft:furnace":1,"minecraft:cooked_beef":4},"minecraft:crafted":{"minecraft:cooked_beef":8,"minecraft:wooden_sword":1,"minecraft:stone_shovel":1,"minecraft:leather_boots":1,"minecraft:crafting_table":1,"minecraft:spruce_planks":44,"minecraft:wooden_pickaxe":1,"minecraft:furnace":1,"mcwroofs:spruce_planks_steep_roof":4,"minecraft:iron_axe":1,"minecraft:stick":56,"minecraft:iron_ingot":8,"minecraft:stone_pickaxe":1,"minecraft:wooden_axe":2,"minecraft:stone_sword":1,"minecraft:iron_shovel":1,"minecraft:torch":68},"minecraft:killed":{"minecraft:spider":1,"minecraft:zombie":1,"minecraft:chicken":1,"minecraft:cow":5},"minecraft:custom":{"minecraft:interact_with_furnace":9,"minecraft:mob_kills":8,"minecraft:interact_with_crafting_table":12,"minecraft:interact_with_stonecutter":2,"minecraft:leave_game":2,"minecraft:time_since_death":4473,"minecraft:sleep_in_bed":1,"minecraft:time_since_rest":4502,"minecraft:sprint_one_cm":83028,"minecraft:damage_taken":1105,"minecraft:walk_one_cm":293533,"minecraft:drop":1,"minecraft:damage_dealt":899,"minecraft:swim_one_cm":9321,"minecraft:fly_one_cm":18658,"minecraft:crouch_one_cm":350,"minecraft:play_time":63973,"minecraft:deaths":3,"minecraft:sneak_time":1055,"minecraft:walk_under_water_one_cm":3743,"minecraft:jump":788,"minecraft:walk_on_water_one_cm":11242,"minecraft:total_world_time":63973,"minecraft:fall_one_cm":11870},"minecraft:broken":{"minecraft:stone_pickaxe":1,"minecraft:stone_shovel":1,"minecraft:wooden_pickaxe":1},"minecraft:dropped":{"minecraft:pointed_dripstone":2},"minecraft:killed_by":{"minecraft:creeper":1,"minecraft:zombie":1,"minecraft:drowned":1},"minecraft:picked_up":{"minecraft:crafting_table":3,"minecraft:feather":2,"minecraft:cooked_beef":4,"minecraft:chicken":2,"minecraft:clay_ball":88,"minecraft:leather":8,"minecraft:brown_mushroom":4,"minecraft:lapis_lazuli":36,"minecraft:dirt":284,"minecraft:moss_carpet":3,"minecraft:iron_axe":1,"minecraft:wooden_sword":1,"minecraft:leather_boots":1,"minecraft:iron_shovel":1,"minecraft:wheat_seeds":6,"minecraft:spruce_planks":1,"minecraft:iron_ingot":4,"minecraft:beef":12,"minecraft:sugar_cane":38,"mcwroofs:spruce_planks_steep_roof":7,"minecraft:egg":10,"minecraft:stick":65,"minecraft:raw_iron":8,"minecraft:torch":40,"minecraft:dripstone_block":2,"minecraft:spruce_sapling":48,"minecraft:pointed_dripstone":2,"minecraft:diorite":2,"minecraft:spruce_log":248,"minecraft:stone_sword":1,"minecraft:granite":26,"minecraft:coal":155,"minecraft:wooden_axe":2,"minecraft:cobblestone":87,"minecraft:oxeye_daisy":103},"minecraft:mined":{"minecraft:podzol":17,"minecraft:brown_mushroom":2,"minecraft:crafting_table":2,"minecraft:clay":11,"minecraft:torch":1,"minecraft:glow_lichen":1,"minecraft:granite":13,"minecraft:short_grass":38,"minecraft:grass_block":126,"minecraft:cobblestone":23,"minecraft:spruce_leaves":6,"minecraft:sugar_cane":8,"minecraft:oxeye_daisy":48,"minecraft:diorite":1,"mcwroofs:spruce_planks_steep_roof":3,"minecraft:large_fern":4,"minecraft:sweet_berry_bush":1,"minecraft:spruce_log":136,"minecraft:moss_carpet":1,"minecraft:pointed_dripstone":2,"minecraft:dripstone_block":2,"minecraft:dirt":63,"minecraft:stone":48,"minecraft:fern":5}},"DataVersion":3953}