{"stats":{"minecraft:killed":{"minecraft:cave_spider":3,"minecraft:spider":24,"minecraft:skeleton":25,"minecraft:chicken":3,"minecraft:silverfish":2,"minecraft:zombie_villager":2,"minecraft:creeper":3,"minecraft:sheep":7,"minecraft:pillager":2,"minecraft:zombie":31,"minecraft:stray":4,"minecraft:cow":6,"minecraft:slime":74,"minecraft:phantom":1,"minecraft:drowned":1},"minecraft:picked_up":{"minecraft:wooden_axe":4,"minecraft:iron_chestplate":1,"minecraft:wheat":6,"minecraft:flower_pot":3,"minecraft:lead":5,"minecraft:diamond_sword":3,"minecraft:oak_stairs":12,"minecraft:brown_bed":1,"minecraft:potion":1,"minecraft:enchanted_book":1,"minecraft:amethyst_block":30,"minecraft:string":62,"minecraft:dark_oak_trapdoor":30,"minecraft:raw_copper":43,"minecraft:iron_leggings":4,"minecraft:shroomlight":3,"minecraft:gold_nugget":6,"minecraft:cobbled_deepslate":672,"minecraft:bucket":1,"minecraft:spruce_planks":203,"minecraft:azalea":4,"minecraft:calcite":26,"minecraft:iron_pickaxe":2,"minecraft:dark_oak_door":1,"minecraft:tipped_arrow":6,"minecraft:stick":390,"minecraft:acacia_fence":76,"minecraft:deepslate_brick_wall":187,"minecraft:big_dripleaf":22,"minecraft:oak_fence":2,"minecraft:torch":172,"minecraft:acacia_log":37,"minecraft:lightning_rod":1,"minecraft:waxed_copper_grate":5,"minecraft:pointed_dripstone":2,"minecraft:diorite":125,"minecraft:cauldron":2,"minecraft:stone_sword":1,"minecraft:rotten_flesh":62,"minecraft:tropical_fish":3,"minecraft:iron_block":1,"minecraft:glowstone":55,"minecraft:deepslate_brick_stairs":401,"minecraft:obsidian":1,"minecraft:cobblestone":380,"minecraft:birch_log":13,"minecraft:cooked_beef":10,"minecraft:feather":18,"minecraft:andesite":5,"minecraft:water_bucket":1,"minecraft:jungle_log":7,"minecraft:smoker":2,"minecraft:potato":35,"minecraft:tuff":2,"minecraft:lapis_lazuli":153,"minecraft:dirt":927,"minecraft:lantern":118,"minecraft:twisting_vines":4,"minecraft:leather_boots":4,"minecraft:glass":22,"minecraft:bone":55,"minecraft:acacia_planks":128,"minecraft:bow":4,"minecraft:wheat_seeds":53,"minecraft:deepslate_brick_slab":116,"minecraft:bell":2,"minecraft:grindstone":6,"minecraft:rabbit":1,"minecraft:glowstone_dust":344,"minecraft:moss_block":8,"minecraft:scrape_pottery_sherd":2,"minecraft:oak_planks":156,"minecraft:warped_wart_block":44,"minecraft:poisonous_potato":3,"minecraft:sand":32,"minecraft:stripped_spruce_log":2,"minecraft:dead_bush":1,"minecraft:diamond_block":1,"minecraft:dark_oak_log":200,"minecraft:mossy_cobblestone":32,"minecraft:diamond":75,"minecraft:deepslate":236,"minecraft:granite":65,"minecraft:breeze_rod":2,"minecraft:emerald":38,"minecraft:bread":7,"minecraft:oak_sapling":8,"minecraft:netherrack":377,"minecraft:dark_oak_fence":29,"minecraft:ominous_trial_key":4,"minecraft:oak_leaves":62,"minecraft:diamond_pickaxe":3,"minecraft:charcoal":2,"minecraft:coarse_dirt":1,"minecraft:crafting_table":5,"minecraft:ominous_bottle":1,"minecraft:chicken":5,"minecraft:ladder":55,"minecraft:clay_ball":332,"minecraft:brown_mushroom":10,"minecraft:music_disc_creator":1,"minecraft:brick":88,"minecraft:shield":4,"minecraft:wind_charge":10,"minecraft:oak_trapdoor":4,"minecraft:moss_carpet":8,"minecraft:iron_axe":7,"minecraft:wooden_sword":4,"minecraft:iron_shovel":7,"minecraft:blackstone":6,"minecraft:glass_pane":42,"minecraft:candle":14,"minecraft:beef":15,"minecraft:iron_nugget":171,"minecraft:sugar_cane":57,"minecraft:chest":3,"minecraft:spruce_trapdoor":2,"minecraft:phantom_membrane":5,"minecraft:waxed_oxidized_copper":3,"minecraft:egg":23,"minecraft:raw_iron":313,"minecraft:spruce_fence":44,"minecraft:flow_pottery_sherd":1,"minecraft:carrot":1,"minecraft:dark_oak_planks":46,"minecraft:purple_candle":12,"minecraft:arrow":225,"minecraft:diamond_chestplate":5,"minecraft:cooked_cod":45,"minecraft:decorated_pot":6,"minecraft:deepslate_bricks":249,"minecraft:hay_block":4,"minecraft:pink_tulip":1,"minecraft:tuff_bricks":20,"minecraft:glow_berries":1,"minecraft:mutton":10,"minecraft:rail":2,"minecraft:white_wool":9,"minecraft:oxeye_daisy":295,"minecraft:stripped_oak_log":1,"minecraft:basalt":9,"minecraft:golden_carrot":2,"minecraft:leather":14,"minecraft:crimson_fungus":3,"minecraft:oak_log":375,"minecraft:waxed_copper_block":8,"minecraft:gunpowder":7,"minecraft:cobblestone_stairs":7,"minecraft:blue_bed":13,"minecraft:paper":9,"minecraft:cooked_mutton":27,"minecraft:apple":2,"minecraft:warped_stem":15,"minecraft:iron_ingot":174,"mcwroofs:spruce_planks_steep_roof":19,"minecraft:iron_sword":3,"minecraft:flowering_azalea":3,"minecraft:dark_oak_stairs":57,"minecraft:smooth_basalt":15,"minecraft:warped_fungus":9,"minecraft:pumpkin":25,"minecraft:sweet_berries":211,"minecraft:quartz":6,"minecraft:dripstone_block":3,"minecraft:gravel":9,"minecraft:amethyst_shard":12,"minecraft:spruce_sapling":660,"minecraft:white_bed":10,"minecraft:spruce_log":2077,"minecraft:dark_oak_fence_gate":2,"minecraft:spider_eye":4,"minecraft:purple_bed":5,"minecraft:slime_ball":71,"minecraft:stone_axe":6,"minecraft:iron_helmet":6,"minecraft:warped_roots":29,"minecraft:baked_potato":64,"minecraft:chiseled_tuff_bricks":1,"minecraft:coal":1031},"minecraft:killed_by":{"minecraft:creeper":1,"minecraft:drowned":1,"minecraft:zombie":2,"minecraft:spider":1,"minecraft:slime":1,"minecraft:skeleton":1},"minecraft:custom":{"minecraft:animals_bred":2,"minecraft:interact_with_crafting_table":200,"minecraft:open_barrel":28,"minecraft:leave_game":25,"minecraft:time_since_death":11322,"minecraft:sprint_one_cm":2032636,"minecraft:damage_blocked_by_shield":5905,"minecraft:drop":89,"minecraft:talked_to_villager":2,"minecraft:play_time":1363230,"minecraft:deaths":11,"minecraft:jump":10007,"minecraft:walk_on_water_one_cm":146087,"minecraft:interact_with_furnace":86,"minecraft:interact_with_cartography_table":1,"minecraft:sleep_in_bed":73,"minecraft:damage_dealt":15637,"minecraft:crouch_one_cm":49321,"minecraft:interact_with_smoker":6,"minecraft:inspect_dispenser":7,"minecraft:horse_one_cm":272237,"minecraft:mob_kills":195,"minecraft:climb_one_cm":79745,"minecraft:walk_one_cm":6600315,"minecraft:sneak_time":31096,"minecraft:walk_under_water_one_cm":78748,"minecraft:boat_one_cm":264241,"minecraft:total_world_time":1363230,"minecraft:interact_with_stonecutter":28,"minecraft:time_since_rest":11358,"minecraft:damage_taken":17369,"minecraft:swim_one_cm":82227,"minecraft:fly_one_cm":372329,"minecraft:open_chest":547,"minecraft:fall_one_cm":238717},"minecraft:broken":{"minecraft:iron_shovel":1,"minecraft:iron_boots":1,"minecraft:stone_pickaxe":1,"minecraft:stone_axe":4,"minecraft:wooden_axe":4,"minecraft:stone_shovel":1,"minecraft:wooden_pickaxe":2,"minecraft:iron_axe":5,"minecraft:leather_boots":1,"minecraft:iron_pickaxe":3,"minecraft:iron_helmet":1},"minecraft:used":{"minecraft:tuff_bricks":1,"minecraft:moss_carpet":2,"minecraft:iron_shovel":292,"mcwroofs:spruce_planks_steep_roof":3,"minecraft:ladder":67,"minecraft:chest":14,"minecraft:shield":119,"minecraft:iron_sword":194,"minecraft:deepslate_brick_slab":115,"minecraft:waxed_copper_grate":2,"minecraft:stripped_spruce_log":1,"minecraft:spruce_boat":1,"minecraft:waxed_oxidized_copper":1,"minecraft:lantern":28,"minecraft:bow":113,"minecraft:ominous_bottle":1,"minecraft:oak_sapling":3,"minecraft:furnace":4,"minecraft:cooked_cod":45,"minecraft:acacia_fence":92,"minecraft:potato":16,"minecraft:deepslate_brick_wall":185,"minecraft:dark_oak_stairs":251,"minecraft:diorite":1,"minecraft:oak_planks":1606,"minecraft:stone_pickaxe":84,"minecraft:blackstone":6,"minecraft:wooden_pickaxe":67,"minecraft:blue_bed":10,"minecraft:oak_leaves":8,"minecraft:glow_berries":10,"minecraft:dark_oak_trapdoor":6,"minecraft:shears":75,"minecraft:deepslate_brick_stairs":339,"minecraft:lightning_rod":2,"minecraft:dark_oak_log":7,"minecraft:bread":36,"minecraft:gravel":1,"minecraft:diamond_sword":149,"minecraft:wooden_sword":30,"minecraft:dark_oak_fence":354,"minecraft:cooked_rabbit":1,"minecraft:oak_trapdoor":58,"minecraft:stone_sword":34,"minecraft:stone_shovel":199,"minecraft:spruce_planks":21,"minecraft:cooked_chicken":11,"minecraft:netherrack":338,"minecraft:torch":479,"minecraft:dirt":340,"minecraft:warped_wart_block":27,"minecraft:granite":2,"minecraft:spruce_fence":80,"minecraft:dark_oak_planks":214,"minecraft:wooden_axe":241,"minecraft:iron_axe":1292,"minecraft:oak_stairs":92,"minecraft:glowstone":74,"minecraft:golden_carrot":2,"minecraft:cooked_beef":20,"minecraft:cobbled_deepslate":139,"minecraft:brown_bed":1,"minecraft:cooked_mutton":25,"minecraft:water_bucket":1,"minecraft:warped_stem":7,"minecraft:baked_potato":117,"minecraft:deepslate_bricks":207,"minecraft:crafting_table":13,"minecraft:white_bed":7,"minecraft:dark_oak_fence_gate":21,"minecraft:spruce_log":1988,"minecraft:dark_oak_door":4,"minecraft:smoker":1,"minecraft:oak_log":167,"minecraft:diamond_pickaxe":558,"minecraft:apple":24,"minecraft:ominous_trial_key":3,"minecraft:iron_pickaxe":1092,"minecraft:spruce_trapdoor":3,"minecraft:spruce_sapling":8,"minecraft:stone_axe":635,"minecraft:cobblestone":128,"minecraft:purple_bed":4,"minecraft:bucket":2,"minecraft:glass_pane":68,"minecraft:pumpkin_pie":1,"minecraft:stripped_oak_log":1},"minecraft:mined":{"minecraft:dark_oak_planks":4,"minecraft:large_amethyst_bud":2,"minecraft:spruce_planks":27,"minecraft:white_bed":5,"minecraft:cobblestone_stairs":8,"minecraft:spruce_trapdoor":2,"minecraft:potted_dead_bush":1,"minecraft:granite":29,"minecraft:grass_block":359,"minecraft:jungle_log":7,"minecraft:deepslate_bricks":173,"minecraft:chiseled_tuff_bricks":8,"minecraft:crimson_fungus":2,"minecraft:oxeye_daisy":56,"minecraft:tuff_bricks":26,"minecraft:spawner":2,"minecraft:tall_seagrass":1,"minecraft:magma_block":1,"minecraft:glowstone":105,"minecraft:dark_oak_trapdoor":4,"minecraft:iron_ore":3,"minecraft:cobbled_deepslate":12,"minecraft:fire":11,"minecraft:polished_tuff":1,"minecraft:moss_carpet":3,"minecraft:pumpkin":13,"minecraft:brown_bed":1,"minecraft:dark_oak_stairs":35,"minecraft:pointed_dripstone":2,"minecraft:cave_vines":1,"minecraft:water_cauldron":2,"minecraft:flowering_azalea_leaves":8,"minecraft:oak_stairs":13,"minecraft:small_amethyst_bud":1,"minecraft:deepslate_brick_stairs":29,"minecraft:pink_tulip":1,"minecraft:azalea_leaves":17,"minecraft:azalea":1,"minecraft:brown_mushroom":2,"minecraft:blackstone":12,"minecraft:medium_amethyst_bud":2,"minecraft:deepslate_brick_wall":26,"minecraft:smoker":1,"minecraft:amethyst_cluster":1,"minecraft:clay":39,"minecraft:torch":8,"minecraft:calcite":14,"minecraft:chest":4,"minecraft:nether_quartz_ore":6,"minecraft:cobblestone":35,"minecraft:grindstone":2,"minecraft:oak_planks":133,"minecraft:sugar_cane":8,"minecraft:wall_torch":5,"minecraft:amethyst_block":7,"minecraft:deepslate_copper_ore":1,"mcwroofs:spruce_planks_steep_roof":3,"minecraft:waxed_copper_bulb":1,"minecraft:warped_nylium":198,"minecraft:dark_oak_door":1,"minecraft:birch_log":6,"minecraft:waxed_copper_block":8,"minecraft:warped_fungus":6,"minecraft:oak_log":112,"minecraft:waxed_oxidized_copper":1,"minecraft:acacia_fence":3,"minecraft:sand":16,"minecraft:dirt":287,"minecraft:smooth_basalt":15,"minecraft:netherrack":202,"minecraft:deepslate":292,"minecraft:oak_leaves":91,"minecraft:nether_gold_ore":2,"minecraft:tuff":2,"minecraft:mossy_cobblestone":17,"minecraft:candle":6,"minecraft:dark_oak_log":2,"minecraft:purple_candle":2,"minecraft:glow_lichen":1,"minecraft:ladder":19,"minecraft:dark_oak_fence":28,"minecraft:spruce_fence":50,"minecraft:decorated_pot":35,"minecraft:spruce_leaves":152,"minecraft:moss_block":9,"minecraft:large_fern":7,"minecraft:hay_block":2,"minecraft:deepslate_brick_slab":37,"minecraft:oak_trapdoor":5,"minecraft:waxed_oxidized_cut_copper":1,"minecraft:carrots":1,"minecraft:waxed_copper_grate":4,"minecraft:nether_sprouts":2,"minecraft:andesite":9,"minecraft:dark_oak_fence_gate":1,"minecraft:stripped_spruce_log":2,"minecraft:big_dripleaf_stem":1,"minecraft:chiseled_tuff":1,"minecraft:bell":1,"minecraft:potatoes":14,"minecraft:shroomlight":2,"minecraft:warped_stem":14,"minecraft:stripped_oak_log":1,"minecraft:stone":295,"minecraft:white_wool":5,"minecraft:podzol":18,"minecraft:flowering_azalea":1,"minecraft:basalt":9,"minecraft:oak_fence":3,"minecraft:crafting_table":3,"minecraft:short_grass":136,"minecraft:warped_roots":7,"minecraft:campfire":1,"minecraft:lightning_rod":1,"minecraft:copper_ore":1,"minecraft:tall_grass":4,"minecraft:lapis_ore":1,"minecraft:blue_bed":11,"minecraft:diorite":85,"minecraft:big_dripleaf":12,"minecraft:warped_wart_block":18,"minecraft:purple_bed":3,"minecraft:coarse_dirt":1,"minecraft:sweet_berry_bush":36,"minecraft:spruce_log":1379,"minecraft:birch_leaves":1,"minecraft:flower_pot":3,"minecraft:gravel":5,"minecraft:dripstone_block":2,"minecraft:cobweb":30,"minecraft:small_dripleaf":3,"minecraft:fern":15},"minecraft:dropped":{"minecraft:iron_sword":1,"minecraft:candle":14,"minecraft:warped_fungus":2,"minecraft:baked_potato":5,"minecraft:diamond":2,"minecraft:dirt":6,"minecraft:dark_oak_log":64,"mcwroofs:spruce_planks_steep_roof":4,"minecraft:dark_oak_fence":3,"minecraft:phantom_membrane":2,"minecraft:birch_log":1,"minecraft:bone":2,"minecraft:crimson_fungus":1,"minecraft:cobbled_deepslate":333,"minecraft:pointed_dripstone":2,"minecraft:rotten_flesh":11,"minecraft:oak_planks":22,"minecraft:glowstone_dust":4,"minecraft:waxed_copper_block":2,"minecraft:gunpowder":5,"minecraft:arrow":2,"minecraft:netherrack":8,"minecraft:water_bucket":1,"minecraft:wheat_seeds":13,"minecraft:mossy_cobblestone":15,"minecraft:oak_fence":2,"minecraft:iron_helmet":1,"minecraft:feather":1,"minecraft:cobblestone":32,"minecraft:waxed_copper_grate":3,"minecraft:apple":2,"minecraft:granite":1,"minecraft:coal":128,"minecraft:stick":19,"minecraft:deepslate_brick_stairs":5,"minecraft:torch":21,"minecraft:waxed_oxidized_copper":2,"minecraft:pumpkin":12,"minecraft:iron_axe":4,"minecraft:iron_shovel":1,"minecraft:string":8,"minecraft:spruce_sapling":128,"minecraft:moss_carpet":2,"minecraft:sweet_berries":39,"minecraft:deepslate":556,"minecraft:raw_iron":6,"minecraft:deepslate_bricks":1,"minecraft:spruce_planks":8,"minecraft:iron_chestplate":1,"minecraft:spider_eye":1},"minecraft:crafted":{"minecraft:oak_planks":2146,"minecraft:cooked_chicken":3,"minecraft:lightning_rod":1,"minecraft:cooked_mutton":25,"minecraft:deepslate_brick_stairs":54,"minecraft:glass":16,"minecraft:bow":1,"minecraft:iron_boots":1,"minecraft:chest":11,"minecraft:acacia_fence":126,"minecraft:cooked_rabbit":1,"minecraft:crafting_table":10,"minecraft:spruce_planks":172,"minecraft:iron_helmet":2,"minecraft:wooden_pickaxe":2,"minecraft:baked_potato":100,"minecraft:oak_wood":3,"minecraft:spruce_trapdoor":6,"minecraft:iron_chestplate":2,"minecraft:diamond_pickaxe":1,"minecraft:shield":3,"minecraft:stick":524,"minecraft:iron_ingot":163,"minecraft:iron_pickaxe":6,"minecraft:stone_sword":1,"minecraft:dark_oak_fence_gate":25,"minecraft:deepslate_bricks":11,"minecraft:wooden_sword":1,"minecraft:stone_shovel":1,"minecraft:leather_boots":1,"minecraft:iron_nugget":765,"minecraft:furnace":4,"minecraft:dark_oak_trapdoor":18,"minecraft:spruce_fence":48,"minecraft:oak_trapdoor":74,"minecraft:glass_pane":96,"minecraft:lantern":87,"minecraft:diamond":9,"minecraft:dark_oak_fence":305,"minecraft:deepslate_brick_wall":78,"mcwroofs:spruce_planks_steep_roof":4,"minecraft:polished_deepslate":4,"minecraft:iron_axe":5,"minecraft:spruce_wood":3,"minecraft:ladder":60,"minecraft:stone_pickaxe":1,"minecraft:spruce_boat":1,"minecraft:dark_oak_planks":1236,"minecraft:cooked_beef":11,"minecraft:diamond_sword":1,"minecraft:dark_oak_stairs":224,"minecraft:iron_sword":1,"minecraft:deepslate_brick_slab":66,"minecraft:bucket":1,"minecraft:stone_axe":5,"minecraft:glowstone":96,"minecraft:air":0,"minecraft:wooden_axe":4,"minecraft:oak_stairs":104,"minecraft:iron_shovel":1,"minecraft:iron_leggings":2,"minecraft:white_bed":1,"minecraft:acacia_planks":256,"minecraft:torch":532}},"DataVersion":3953}