{"stats":{"minecraft:killed":{"minecraft:pillager":1,"minecraft:zombie":2,"minecraft:chicken":4},"minecraft:broken":{"minecraft:stone_pickaxe":1},"minecraft:dropped":{"minecraft:stick":1,"minecraft:dirt":10,"minecraft:jungle_log":3},"minecraft:mined":{"minecraft:mossy_cobblestone":5,"minecraft:short_grass":25,"minecraft:blast_furnace":1,"minecraft:mud_brick_stairs":2,"minecraft:grass_block":3,"minecraft:decorated_pot":6,"minecraft:melon":2,"minecraft:jungle_planks":2,"minecraft:chest":1,"minecraft:jungle_log":23,"minecraft:mud_bricks":5,"minecraft:sugar_cane":6,"minecraft:hay_block":13,"minecraft:mud":8,"minecraft:jungle_fence":2,"minecraft:moss_carpet":1,"minecraft:azure_bluet":2,"minecraft:cocoa":5,"minecraft:coal_ore":25,"minecraft:vine":1,"minecraft:sand":2,"minecraft:dirt":2,"minecraft:stripped_jungle_log":1,"minecraft:stone":61,"minecraft:fern":2},"minecraft:killed_by":{"minecraft:drowned":1},"minecraft:custom":{"minecraft:interact_with_furnace":2,"minecraft:mob_kills":7,"minecraft:animals_bred":1,"minecraft:interact_with_crafting_table":10,"minecraft:interact_with_campfire":3,"minecraft:bell_ring":1,"minecraft:time_since_death":39840,"minecraft:sleep_in_bed":5,"minecraft:climb_one_cm":3152,"minecraft:time_since_rest":0,"minecraft:sprint_one_cm":119540,"minecraft:damage_taken":795,"minecraft:walk_one_cm":244997,"minecraft:drop":4,"minecraft:damage_dealt":798,"minecraft:swim_one_cm":82718,"minecraft:fly_one_cm":26622,"minecraft:open_chest":21,"minecraft:crouch_one_cm":931,"minecraft:play_time":60780,"minecraft:deaths":1,"minecraft:sneak_time":1129,"minecraft:walk_under_water_one_cm":13793,"minecraft:jump":470,"minecraft:interact_with_blast_furnace":2,"minecraft:walk_on_water_one_cm":52190,"minecraft:interact_with_smoker":1,"minecraft:total_world_time":60780,"minecraft:fall_one_cm":7366},"minecraft:crafted":{"minecraft:wooden_sword":1,"minecraft:crafting_table":1,"minecraft:wooden_pickaxe":1,"minecraft:cooked_chicken":1,"minecraft:furnace":1,"minecraft:stone_axe":1,"minecraft:jungle_planks":80,"minecraft:wooden_hoe":1,"minecraft:stick":34,"minecraft:stone_pickaxe":7,"minecraft:stone_sword":1,"minecraft:torch":52,"minecraft:wheat":27},"minecraft:used":{"minecraft:wheat_seeds":2,"minecraft:stone_sword":19,"minecraft:stone_pickaxe":118,"minecraft:chest":1,"minecraft:wooden_pickaxe":19,"minecraft:cooked_chicken":4,"minecraft:glow_berries":2,"minecraft:crafting_table":1,"minecraft:wooden_hoe":26,"minecraft:apple":1,"minecraft:bread":4,"minecraft:stone_axe":11,"minecraft:wooden_sword":11,"minecraft:cobblestone":19,"minecraft:hay_block":1,"minecraft:furnace":1},"minecraft:picked_up":{"minecraft:cocoa_beans":15,"minecraft:mud":14,"minecraft:wheat":1,"minecraft:feather":4,"minecraft:azure_bluet":4,"minecraft:chicken":4,"minecraft:jungle_log":42,"minecraft:jungle_fence":3,"minecraft:wooden_pickaxe":1,"minecraft:filled_map":1,"minecraft:chainmail_chestplate":1,"minecraft:brick":36,"minecraft:dirt":10,"minecraft:moss_carpet":4,"minecraft:wooden_sword":1,"minecraft:name_tag":1,"minecraft:armor_stand":1,"minecraft:apple":2,"minecraft:wheat_seeds":2,"minecraft:iron_ingot":1,"minecraft:stone_pickaxe":1,"minecraft:cooked_chicken":3,"minecraft:melon_slice":10,"minecraft:sugar_cane":15,"minecraft:chest":1,"minecraft:egg":4,"minecraft:raw_iron":1,"minecraft:sand":2,"minecraft:jungle_planks":5,"minecraft:mossy_cobblestone":10,"minecraft:stripped_jungle_log":1,"minecraft:stone_sword":1,"minecraft:arrow":4,"minecraft:rotten_flesh":2,"minecraft:stone_axe":1,"minecraft:hay_block":20,"minecraft:crossbow":2,"minecraft:gold_ingot":2,"minecraft:bread":4,"minecraft:glow_berries":2,"minecraft:coal":161,"minecraft:cobblestone":82}},"DataVersion":3953}