{"stats":{"minecraft:used":{"minecraft:stone_sword":34,"minecraft:iron_shovel":253,"mcwroofs:spruce_planks_steep_roof":3,"minecraft:stone_shovel":199,"minecraft:stone_pickaxe":84,"minecraft:wooden_pickaxe":8,"minecraft:torch":35,"minecraft:dirt":3,"minecraft:crafting_table":2,"minecraft:spruce_log":55,"minecraft:wooden_axe":25,"minecraft:iron_axe":109,"minecraft:cobblestone":37,"minecraft:furnace":1,"minecraft:cooked_beef":4},"minecraft:crafted":{"minecraft:cooked_beef":8,"minecraft:wooden_sword":1,"minecraft:stone_shovel":1,"minecraft:leather_boots":1,"minecraft:crafting_table":1,"minecraft:spruce_planks":44,"minecraft:wooden_pickaxe":1,"minecraft:furnace":1,"mcwroofs:spruce_planks_steep_roof":4,"minecraft:iron_axe":1,"minecraft:stick":56,"minecraft:iron_ingot":8,"minecraft:stone_pickaxe":1,"minecraft:wooden_axe":2,"minecraft:stone_sword":1,"minecraft:iron_shovel":1,"minecraft:torch":68},"minecraft:killed":{"minecraft:spider":1,"minecraft:zombie":1,"minecraft:chicken":1,"minecraft:cow":5},"minecraft:custom":{"minecraft:interact_with_furnace":9,"minecraft:mob_kills":8,"minecraft:interact_with_crafting_table":12,"minecraft:interact_with_stonecutter":2,"minecraft:leave_game":2,"minecraft:time_since_death":16137,"minecraft:sleep_in_bed":1,"minecraft:time_since_rest":16171,"minecraft:sprint_one_cm":126561,"minecraft:damage_taken":1345,"minecraft:walk_one_cm":401324,"minecraft:drop":1,"minecraft:damage_dealt":1074,"minecraft:swim_one_cm":9321,"minecraft:fly_one_cm":21017,"minecraft:crouch_one_cm":350,"minecraft:play_time":81973,"minecraft:deaths":4,"minecraft:sneak_time":1055,"minecraft:walk_under_water_one_cm":4210,"minecraft:jump":836,"minecraft:walk_on_water_one_cm":14043,"minecraft:total_world_time":81973,"minecraft:fall_one_cm":12079},"minecraft:broken":{"minecraft:stone_pickaxe":1,"minecraft:stone_shovel":1,"minecraft:wooden_pickaxe":1},"minecraft:dropped":{"minecraft:pointed_dripstone":2},"minecraft:killed_by":{"minecraft:creeper":1,"minecraft:zombie":2,"minecraft:drowned":1},"minecraft:picked_up":{"minecraft:crafting_table":4,"minecraft:feather":3,"minecraft:cooked_beef":8,"minecraft:chicken":3,"minecraft:clay_ball":132,"minecraft:leather":10,"minecraft:brown_mushroom":6,"minecraft:string":1,"minecraft:lapis_lazuli":54,"minecraft:dirt":541,"minecraft:moss_carpet":3,"minecraft:iron_axe":2,"minecraft:wooden_sword":2,"minecraft:leather_boots":2,"minecraft:iron_shovel":2,"minecraft:wheat_seeds":11,"minecraft:spruce_planks":1,"minecraft:iron_ingot":8,"minecraft:beef":14,"minecraft:rabbit":1,"minecraft:sugar_cane":57,"mcwroofs:spruce_planks_steep_roof":11,"minecraft:egg":15,"minecraft:stick":109,"minecraft:raw_iron":8,"minecraft:torch":74,"minecraft:dripstone_block":3,"minecraft:spruce_sapling":72,"minecraft:pointed_dripstone":2,"minecraft:diorite":3,"minecraft:spruce_log":366,"minecraft:stone_sword":1,"minecraft:rotten_flesh":3,"minecraft:granite":39,"minecraft:coal":219,"minecraft:wooden_axe":4,"minecraft:cobblestone":87,"minecraft:oxeye_daisy":165},"minecraft:mined":{"minecraft:podzol":17,"minecraft:brown_mushroom":2,"minecraft:crafting_table":2,"minecraft:clay":11,"minecraft:torch":1,"minecraft:glow_lichen":1,"minecraft:granite":13,"minecraft:short_grass":71,"minecraft:grass_block":271,"minecraft:tall_grass":4,"minecraft:cobblestone":23,"minecraft:spruce_leaves":6,"minecraft:sugar_cane":8,"minecraft:oxeye_daisy":54,"minecraft:diorite":1,"mcwroofs:spruce_planks_steep_roof":3,"minecraft:large_fern":4,"minecraft:sweet_berry_bush":1,"minecraft:spruce_log":140,"minecraft:moss_carpet":1,"minecraft:pointed_dripstone":2,"minecraft:dripstone_block":2,"minecraft:dirt":76,"minecraft:stone":48,"minecraft:fern":5}},"DataVersion":3953}