{"stats":{"minecraft:used":{"minecraft:stone_sword":21,"mcwroofs:spruce_planks_steep_roof":3,"minecraft:stone_shovel":168,"minecraft:stone_pickaxe":84,"minecraft:wooden_pickaxe":8,"minecraft:torch":30,"minecraft:dirt":1,"minecraft:crafting_table":2,"minecraft:wooden_axe":25,"minecraft:iron_axe":109,"minecraft:cobblestone":37,"minecraft:furnace":1,"minecraft:cooked_beef":4},"minecraft:crafted":{"minecraft:cooked_beef":8,"minecraft:wooden_sword":1,"minecraft:stone_shovel":1,"minecraft:leather_boots":1,"minecraft:crafting_table":1,"minecraft:spruce_planks":44,"minecraft:wooden_pickaxe":1,"minecraft:furnace":1,"mcwroofs:spruce_planks_steep_roof":4,"minecraft:iron_axe":1,"minecraft:stick":56,"minecraft:iron_ingot":8,"minecraft:stone_pickaxe":1,"minecraft:wooden_axe":2,"minecraft:stone_sword":1,"minecraft:torch":68},"minecraft:killed":{"minecraft:chicken":1,"minecraft:cow":5},"minecraft:custom":{"minecraft:interact_with_furnace":9,"minecraft:mob_kills":6,"minecraft:interact_with_crafting_table":11,"minecraft:interact_with_stonecutter":2,"minecraft:leave_game":2,"minecraft:time_since_death":47209,"minecraft:sleep_in_bed":1,"minecraft:time_since_rest":9536,"minecraft:sprint_one_cm":60289,"minecraft:damage_taken":735,"minecraft:walk_one_cm":203509,"minecraft:damage_dealt":540,"minecraft:swim_one_cm":9321,"minecraft:fly_one_cm":13342,"minecraft:crouch_one_cm":350,"minecraft:play_time":51973,"minecraft:deaths":2,"minecraft:sneak_time":1055,"minecraft:walk_under_water_one_cm":3743,"minecraft:jump":653,"minecraft:walk_on_water_one_cm":11242,"minecraft:total_world_time":51973,"minecraft:fall_one_cm":10767},"minecraft:broken":{"minecraft:stone_pickaxe":1,"minecraft:wooden_pickaxe":1},"minecraft:killed_by":{"minecraft:zombie":1,"minecraft:drowned":1},"minecraft:picked_up":{"minecraft:crafting_table":2,"minecraft:feather":1,"minecraft:chicken":1,"minecraft:clay_ball":44,"minecraft:leather":6,"minecraft:brown_mushroom":2,"minecraft:lapis_lazuli":18,"minecraft:dirt":65,"minecraft:moss_carpet":3,"minecraft:beef":10,"minecraft:sugar_cane":19,"mcwroofs:spruce_planks_steep_roof":3,"minecraft:egg":5,"minecraft:stick":21,"minecraft:raw_iron":8,"minecraft:torch":1,"minecraft:dripstone_block":1,"minecraft:spruce_sapling":24,"minecraft:pointed_dripstone":2,"minecraft:diorite":1,"minecraft:spruce_log":133,"minecraft:granite":13,"minecraft:coal":91,"minecraft:cobblestone":69,"minecraft:oxeye_daisy":33},"minecraft:mined":{"minecraft:podzol":17,"minecraft:brown_mushroom":2,"minecraft:crafting_table":2,"minecraft:clay":11,"minecraft:torch":1,"minecraft:glow_lichen":1,"minecraft:granite":13,"minecraft:short_grass":19,"minecraft:grass_block":48,"minecraft:cobblestone":23,"minecraft:spruce_leaves":6,"minecraft:sugar_cane":8,"minecraft:oxeye_daisy":34,"minecraft:diorite":1,"mcwroofs:spruce_planks_steep_roof":3,"minecraft:large_fern":4,"minecraft:sweet_berry_bush":1,"minecraft:spruce_log":136,"minecraft:moss_carpet":1,"minecraft:pointed_dripstone":2,"minecraft:dripstone_block":2,"minecraft:dirt":49,"minecraft:stone":48,"minecraft:fern":5}},"DataVersion":3953}