{"stats":{"minecraft:killed_by":{"minecraft:creeper":1,"minecraft:spider":1,"minecraft:drowned":1,"minecraft:skeleton":1,"minecraft:zombie":2},"minecraft:crafted":{"minecraft:wooden_sword":1,"minecraft:oak_planks":766,"minecraft:stone_shovel":1,"minecraft:leather_boots":1,"minecraft:cooked_chicken":3,"minecraft:furnace":1,"minecraft:cooked_mutton":16,"minecraft:iron_boots":1,"mcwroofs:spruce_planks_steep_roof":4,"minecraft:iron_axe":2,"minecraft:ladder":12,"minecraft:stone_pickaxe":1,"minecraft:chest":2,"minecraft:cooked_rabbit":1,"minecraft:cooked_beef":10,"minecraft:crafting_table":1,"minecraft:spruce_planks":44,"minecraft:iron_helmet":1,"minecraft:wooden_pickaxe":1,"minecraft:baked_potato":39,"minecraft:iron_sword":1,"minecraft:stone_axe":5,"minecraft:iron_chestplate":1,"minecraft:shield":1,"minecraft:stick":68,"minecraft:iron_ingot":8,"minecraft:iron_pickaxe":2,"minecraft:wooden_axe":2,"minecraft:stone_sword":1,"minecraft:iron_shovel":1,"minecraft:iron_leggings":1,"minecraft:torch":128},"minecraft:killed":{"minecraft:spider":1,"minecraft:phantom":1,"minecraft:skeleton":1,"minecraft:chicken":3,"minecraft:sheep":1,"minecraft:pillager":2,"minecraft:zombie":4,"minecraft:cow":5},"minecraft:used":{"minecraft:stone_sword":34,"minecraft:iron_shovel":253,"minecraft:stone_shovel":199,"mcwroofs:spruce_planks_steep_roof":3,"minecraft:ladder":5,"minecraft:spruce_planks":6,"minecraft:chest":2,"minecraft:shield":24,"minecraft:iron_sword":8,"minecraft:cooked_chicken":3,"minecraft:torch":86,"minecraft:dirt":186,"minecraft:spruce_fence":1,"minecraft:wooden_axe":123,"minecraft:iron_axe":522,"minecraft:furnace":1,"minecraft:cooked_cod":2,"minecraft:cooked_beef":10,"minecraft:cooked_mutton":13,"minecraft:stone_pickaxe":84,"minecraft:baked_potato":39,"minecraft:oak_planks":659,"minecraft:wooden_pickaxe":8,"minecraft:crafting_table":3,"minecraft:spruce_log":1004,"minecraft:iron_pickaxe":59,"minecraft:spruce_sapling":8,"minecraft:stone_axe":438,"minecraft:wooden_sword":29,"minecraft:cobblestone":47,"minecraft:cooked_rabbit":1},"minecraft:mined":{"minecraft:spruce_planks":6,"minecraft:granite":13,"minecraft:ladder":5,"minecraft:glow_lichen":1,"minecraft:grass_block":275,"minecraft:spruce_fence":1,"minecraft:spruce_leaves":102,"minecraft:moss_block":4,"minecraft:oxeye_daisy":56,"minecraft:large_fern":5,"minecraft:carrots":1,"minecraft:andesite":3,"minecraft:moss_carpet":1,"minecraft:big_dripleaf_stem":1,"minecraft:pointed_dripstone":2,"minecraft:potatoes":14,"minecraft:cave_vines":1,"minecraft:azalea":1,"minecraft:stone":58,"minecraft:podzol":17,"minecraft:flowering_azalea":1,"minecraft:brown_mushroom":2,"minecraft:clay":39,"minecraft:crafting_table":2,"minecraft:torch":2,"minecraft:short_grass":121,"minecraft:cobblestone":23,"minecraft:tall_grass":4,"minecraft:sugar_cane":8,"minecraft:oak_planks":12,"minecraft:diorite":42,"minecraft:big_dripleaf":12,"mcwroofs:spruce_planks_steep_roof":3,"minecraft:sweet_berry_bush":17,"minecraft:spruce_log":940,"minecraft:gravel":1,"minecraft:dripstone_block":2,"minecraft:dirt":221,"minecraft:small_dripleaf":3,"minecraft:fern":7},"minecraft:dropped":{"minecraft:wheat_seeds":11,"mcwroofs:spruce_planks_steep_roof":4,"minecraft:phantom_membrane":2,"minecraft:spruce_sapling":128,"minecraft:sweet_berries":39,"minecraft:pointed_dripstone":2,"minecraft:rotten_flesh":4},"minecraft:picked_up":{"minecraft:wooden_axe":4,"minecraft:crafting_table":4,"minecraft:wheat":6,"minecraft:ladder":5,"minecraft:chicken":5,"minecraft:clay_ball":332,"minecraft:brown_mushroom":10,"minecraft:string":1,"minecraft:moss_carpet":3,"minecraft:iron_axe":2,"minecraft:wooden_sword":4,"minecraft:iron_shovel":4,"minecraft:spruce_planks":71,"minecraft:beef":14,"minecraft:azalea":1,"minecraft:sugar_cane":57,"minecraft:phantom_membrane":5,"minecraft:egg":21,"minecraft:raw_iron":17,"minecraft:stick":315,"minecraft:big_dripleaf":22,"minecraft:torch":112,"minecraft:spruce_fence":1,"minecraft:diorite":44,"minecraft:pointed_dripstone":2,"minecraft:stone_sword":1,"minecraft:arrow":14,"minecraft:cooked_cod":45,"minecraft:rotten_flesh":24,"minecraft:tropical_fish":3,"minecraft:glow_berries":1,"minecraft:mutton":1,"minecraft:white_wool":3,"minecraft:cobblestone":118,"minecraft:oxeye_daisy":295,"minecraft:feather":14,"minecraft:cooked_beef":8,"minecraft:andesite":3,"minecraft:leather":10,"minecraft:potato":35,"minecraft:oak_log":11,"minecraft:lapis_lazuli":90,"minecraft:dirt":779,"minecraft:leather_boots":4,"minecraft:cooked_mutton":24,"minecraft:bone":19,"minecraft:wheat_seeds":47,"minecraft:iron_ingot":44,"minecraft:rabbit":1,"minecraft:moss_block":3,"minecraft:oak_planks":18,"mcwroofs:spruce_planks_steep_roof":19,"minecraft:flowering_azalea":1,"minecraft:sweet_berries":156,"minecraft:gravel":1,"minecraft:poisonous_potato":3,"minecraft:dripstone_block":3,"minecraft:spruce_sapling":634,"minecraft:spruce_log":1393,"minecraft:stone_axe":6,"minecraft:granite":39,"minecraft:coal":764},"minecraft:broken":{"minecraft:wooden_pickaxe":1,"minecraft:stone_pickaxe":1,"minecraft:iron_axe":2,"minecraft:stone_axe":3,"minecraft:iron_pickaxe":1,"minecraft:wooden_axe":2,"minecraft:stone_shovel":1},"minecraft:custom":{"minecraft:mob_kills":18,"minecraft:animals_bred":1,"minecraft:interact_with_crafting_table":30,"minecraft:open_barrel":5,"minecraft:leave_game":14,"minecraft:time_since_death":63218,"minecraft:climb_one_cm":1525,"minecraft:sprint_one_cm":543313,"minecraft:walk_one_cm":1558845,"minecraft:damage_blocked_by_shield":1140,"minecraft:drop":9,"minecraft:talked_to_villager":1,"minecraft:play_time":294106,"minecraft:deaths":6,"minecraft:sneak_time":5676,"minecraft:walk_under_water_one_cm":6871,"minecraft:jump":2933,"minecraft:walk_on_water_one_cm":29602,"minecraft:total_world_time":294106,"minecraft:interact_with_furnace":42,"minecraft:interact_with_stonecutter":2,"minecraft:sleep_in_bed":10,"minecraft:time_since_rest":20883,"minecraft:damage_taken":5464,"minecraft:damage_dealt":2641,"minecraft:swim_one_cm":9321,"minecraft:fly_one_cm":103788,"minecraft:open_chest":30,"minecraft:crouch_one_cm":5823,"minecraft:fall_one_cm":66531}},"DataVersion":3953}