{"stats":{"minecraft:killed_by":{"minecraft:creeper":1,"minecraft:spider":1,"minecraft:skeleton":7,"minecraft:zombie":13},"minecraft:killed":{"minecraft:cod":1,"minecraft:skeleton":1,"minecraft:drowned":1,"minecraft:tropical_fish":1,"minecraft:salmon":4,"minecraft:zombie":7},"minecraft:used":{"minecraft:azalea":2,"minecraft:moss_block":6,"minecraft:oak_trapdoor":4,"minecraft:moss_carpet":9,"minecraft:cherry_sapling":16,"minecraft:iron_shovel":1081,"minecraft:stone_shovel":609,"minecraft:chest":11,"minecraft:iron_sword":51,"minecraft:torch":14,"minecraft:dirt":285,"minecraft:big_dripleaf":2,"minecraft:dark_oak_planks":236,"minecraft:flowering_azalea":4,"minecraft:lantern":2,"minecraft:iron_axe":411,"minecraft:iron_helmet":1,"minecraft:dark_oak_slab":89,"minecraft:barrel":6,"minecraft:warped_fungus":2,"minecraft:furnace":2,"minecraft:egg":14,"minecraft:cherry_log":7,"minecraft:pumpkin":4,"minecraft:cooked_mutton":14,"minecraft:dark_oak_stairs":19,"minecraft:spruce_door":4,"minecraft:sandstone_stairs":4,"minecraft:stone_pickaxe":363,"minecraft:oak_planks":64,"minecraft:sandstone":98,"minecraft:cherry_planks":1,"minecraft:cut_sandstone":157,"minecraft:deepslate_bricks":99,"minecraft:glow_berries":15,"minecraft:dark_oak_trapdoor":16,"minecraft:mossy_cobblestone":6,"minecraft:sand":8,"minecraft:stripped_dark_oak_log":141,"minecraft:crafting_table":10,"minecraft:white_bed":5,"minecraft:campfire":1,"minecraft:dark_oak_fence_gate":2,"minecraft:black_bed":1,"minecraft:dark_oak_door":10,"minecraft:oxeye_daisy":4,"minecraft:iron_pickaxe":1157,"minecraft:spore_blossom":4,"minecraft:spruce_trapdoor":21,"minecraft:gravel":5,"minecraft:crimson_fungus":2,"minecraft:cobblestone":80,"additional_lights:fire_for_standing_torch_s":10,"minecraft:dark_oak_fence":40,"minecraft:andesite":3,"minecraft:sandstone_slab":4},"minecraft:picked_up":{"minecraft:crafting_table":11,"minecraft:iron_chestplate":1,"minecraft:wheat":1,"minecraft:sandstone_slab":4,"minecraft:clay_ball":240,"minecraft:iron_axe":2,"minecraft:dark_oak_trapdoor":12,"minecraft:moss_carpet":18,"minecraft:raw_copper":70,"minecraft:iron_shovel":7,"minecraft:cobbled_deepslate":295,"minecraft:azalea":2,"minecraft:iron_pickaxe":5,"minecraft:chest":13,"minecraft:spruce_trapdoor":3,"minecraft:furnace":1,"minecraft:egg":43,"minecraft:dark_oak_door":2,"minecraft:dark_oak_sapling":2,"minecraft:stick":229,"minecraft:raw_iron":16,"minecraft:sandstone":34,"minecraft:big_dripleaf":37,"minecraft:torch":15,"minecraft:cherry_log":48,"minecraft:pointed_dripstone":21,"minecraft:diorite":11,"minecraft:golden_chestplate":1,"minecraft:dark_oak_planks":792,"minecraft:rotten_flesh":37,"minecraft:stone_shovel":1,"minecraft:arrow":10,"minecraft:tropical_fish":29,"minecraft:deepslate_bricks":3175,"minecraft:glow_berries":47,"minecraft:cod":1,"minecraft:cobblestone":929,"minecraft:oxeye_daisy":53,"minecraft:cherry_planks":1,"minecraft:andesite":26,"minecraft:salmon":3,"minecraft:black_bed":1,"minecraft:cut_sandstone":62,"minecraft:golden_leggings":1,"minecraft:tuff":13,"minecraft:flint":17,"additional_lights:fire_for_standing_torch_s":8,"minecraft:lapis_lazuli":37,"minecraft:dirt":746,"minecraft:bone":6,"minecraft:wheat_seeds":9,"minecraft:raw_gold":26,"minecraft:spore_blossom":4,"minecraft:iron_ingot":51,"minecraft:moss_block":46,"minecraft:dark_oak_stairs":15,"minecraft:iron_sword":3,"minecraft:flowering_azalea":4,"minecraft:dark_oak_slab":58,"minecraft:pumpkin":3,"minecraft:sweet_berries":43,"minecraft:dripstone_block":10,"minecraft:gravel":102,"minecraft:sand":947,"minecraft:spruce_sapling":3,"minecraft:barrel":1,"minecraft:white_bed":5,"minecraft:spruce_log":17,"minecraft:dark_oak_fence_gate":3,"minecraft:dark_oak_log":1322,"minecraft:spruce_door":2,"minecraft:mossy_cobblestone":37,"minecraft:iron_helmet":1,"minecraft:granite":7,"minecraft:cherry_sapling":44,"minecraft:rooted_dirt":1,"minecraft:dark_oak_fence":6,"minecraft:stripped_dark_oak_log":7,"minecraft:coal":185},"minecraft:dropped":{"minecraft:iron_ingot":15,"minecraft:dark_oak_slab":1,"minecraft:stick":14,"additional_lights:fire_for_standing_torch_s":2,"minecraft:gravel":2,"minecraft:golden_chestplate":1,"minecraft:rotten_flesh":8,"minecraft:golden_leggings":1,"minecraft:chest":2,"minecraft:arrow":2},"minecraft:broken":{"minecraft:iron_shovel":4,"minecraft:stone_pickaxe":1,"minecraft:iron_pickaxe":4,"minecraft:stone_shovel":4},"minecraft:crafted":{"minecraft:cherry_planks":36,"minecraft:oak_planks":80,"minecraft:cobblestone_slab":6,"minecraft:stone_shovel":6,"minecraft:barrel":5,"minecraft:cut_sandstone":120,"minecraft:iron_nugget":18,"minecraft:furnace":2,"minecraft:dark_oak_trapdoor":12,"minecraft:stone":4,"minecraft:cooked_mutton":16,"minecraft:oak_trapdoor":6,"minecraft:dark_oak_door":12,"minecraft:lantern":2,"minecraft:dark_oak_fence":36,"minecraft:iron_axe":3,"minecraft:stone_pickaxe":6,"minecraft:chest":8,"minecraft:dark_oak_planks":1092,"minecraft:dark_oak_stairs":16,"minecraft:crafting_table":4,"minecraft:spruce_planks":40,"minecraft:iron_helmet":1,"minecraft:iron_sword":3,"minecraft:spruce_door":3,"minecraft:cooked_salmon":3,"minecraft:sandstone_slab":6,"minecraft:campfire":1,"minecraft:air":0,"minecraft:spruce_trapdoor":20,"minecraft:dark_oak_slab":144,"minecraft:wooden_hoe":1,"minecraft:stone_slab":6,"minecraft:stick":168,"minecraft:iron_ingot":39,"minecraft:iron_pickaxe":4,"minecraft:iron_shovel":6,"minecraft:sandstone":204,"minecraft:dark_oak_fence_gate":1,"minecraft:torch":48,"minecraft:sandstone_stairs":4},"minecraft:custom":{"minecraft:mob_kills":19,"minecraft:interact_with_crafting_table":101,"minecraft:open_barrel":4,"minecraft:leave_game":15,"minecraft:time_since_death":205011,"minecraft:climb_one_cm":913,"minecraft:sprint_one_cm":328391,"minecraft:walk_one_cm":1289277,"minecraft:drop":15,"minecraft:play_time":493641,"minecraft:sneak_time":8083,"minecraft:deaths":31,"minecraft:walk_under_water_one_cm":108722,"minecraft:boat_one_cm":232512,"minecraft:jump":2717,"minecraft:walk_on_water_one_cm":115904,"minecraft:total_world_time":493641,"minecraft:interact_with_furnace":25,"minecraft:interact_with_stonecutter":3,"minecraft:sleep_in_bed":15,"minecraft:time_since_rest":11681,"minecraft:damage_taken":9371,"minecraft:damage_dealt":2922,"minecraft:swim_one_cm":94662,"minecraft:fly_one_cm":189479,"minecraft:open_chest":292,"minecraft:crouch_one_cm":18011,"minecraft:fall_one_cm":70453},"minecraft:mined":{"minecraft:dark_oak_planks":80,"minecraft:tuff":13,"minecraft:spruce_planks":1,"minecraft:white_bed":3,"minecraft:mossy_cobblestone":21,"minecraft:cherry_log":46,"minecraft:cherry_sapling":23,"minecraft:cave_vines_plant":28,"minecraft:spruce_trapdoor":3,"minecraft:glow_lichen":1,"minecraft:granite":8,"minecraft:dark_oak_fence":5,"minecraft:grass_block":185,"minecraft:deepslate_bricks":1,"minecraft:spruce_leaves":2,"minecraft:moss_block":48,"minecraft:oxeye_daisy":22,"minecraft:sandstone":26,"minecraft:rooted_dirt":2,"minecraft:spore_blossom":4,"minecraft:furnace":1,"minecraft:dark_oak_trapdoor":12,"minecraft:iron_ore":6,"minecraft:barrel":1,"minecraft:dark_oak_fence_gate":2,"minecraft:andesite":26,"minecraft:pumpkin":3,"minecraft:moss_carpet":10,"minecraft:deepslate_lapis_ore":1,"minecraft:big_dripleaf_stem":5,"minecraft:dark_oak_stairs":3,"minecraft:pointed_dripstone":5,"minecraft:cave_vines":70,"minecraft:deepslate_iron_ore":2,"minecraft:vine":6,"minecraft:dirt_path":4,"minecraft:azalea":2,"minecraft:stone":858,"minecraft:podzol":12,"minecraft:sandstone_slab":1,"minecraft:cut_sandstone":39,"minecraft:flowering_azalea":5,"minecraft:cherry_planks":1,"minecraft:hanging_roots":4,"minecraft:stripped_dark_oak_log":9,"minecraft:clay":68,"minecraft:crafting_table":6,"minecraft:torch":4,"minecraft:short_grass":50,"minecraft:chest":9,"minecraft:tall_grass":7,"minecraft:copper_ore":9,"minecraft:cobblestone":33,"minecraft:lapis_ore":5,"minecraft:deepslate_gold_ore":26,"minecraft:diorite":12,"minecraft:wall_torch":1,"minecraft:big_dripleaf":10,"minecraft:deepslate_copper_ore":11,"minecraft:seagrass":3,"minecraft:dark_oak_slab":31,"additional_lights:fire_for_standing_torch_s":5,"minecraft:sweet_berry_bush":17,"minecraft:spruce_log":18,"minecraft:black_bed":2,"minecraft:coal_ore":31,"minecraft:cherry_leaves":53,"minecraft:dark_oak_sapling":2,"minecraft:dripstone_block":10,"minecraft:gravel":120,"minecraft:sand":966,"minecraft:dirt":398,"minecraft:small_dripleaf":8,"minecraft:deepslate":301,"minecraft:fern":9}},"DataVersion":3953}