{"stats":{"minecraft:used":{"minecraft:wooden_axe":23,"minecraft:stone_shovel":771,"minecraft:stone_pickaxe":61,"minecraft:birch_sapling":3,"minecraft:wooden_pickaxe":12,"minecraft:spruce_sapling":2,"minecraft:rotten_flesh":3,"minecraft:stone_axe":19,"minecraft:torch":33,"minecraft:dirt":49,"minecraft:crafting_table":5,"minecraft:furnace":1,"minecraft:white_bed":3},"minecraft:crafted":{"minecraft:stone_shovel":6,"minecraft:iron_chestplate":1,"minecraft:crafting_table":5,"minecraft:spruce_planks":156,"minecraft:stick":28,"minecraft:wooden_pickaxe":1,"minecraft:iron_ingot":10,"minecraft:stone_pickaxe":3,"minecraft:wooden_axe":1,"minecraft:furnace":1,"minecraft:white_bed":3,"minecraft:torch":48,"minecraft:stone_axe":1,"minecraft:shears":1,"minecraft:air":0},"minecraft:killed":{"minecraft:sheep":1,"minecraft:zombie":3,"minecraft:spider":1},"minecraft:broken":{"minecraft:stone_shovel":5},"minecraft:custom":{"minecraft:time_since_rest":17015,"minecraft:interact_with_furnace":3,"minecraft:sprint_one_cm":62790,"minecraft:damage_taken":660,"minecraft:walk_one_cm":204843,"minecraft:mob_kills":7,"minecraft:drop":1,"minecraft:damage_dealt":817,"minecraft:swim_one_cm":5540,"minecraft:interact_with_crafting_table":14,"minecraft:fly_one_cm":92757,"minecraft:crouch_one_cm":3604,"minecraft:play_time":42404,"minecraft:deaths":2,"minecraft:sneak_time":2840,"minecraft:walk_under_water_one_cm":921,"minecraft:jump":675,"minecraft:leave_game":6,"minecraft:time_since_death":16514,"minecraft:walk_on_water_one_cm":1362,"minecraft:sleep_in_bed":2,"minecraft:total_world_time":42404,"minecraft:fall_one_cm":18405},"minecraft:dropped":{"minecraft:white_bed":1},"minecraft:killed_by":{"minecraft:zombie":1},"minecraft:picked_up":{"minecraft:birch_log":10,"minecraft:stick":10,"minecraft:raw_iron":20,"minecraft:torch":36,"minecraft:wooden_pickaxe":2,"minecraft:spruce_sapling":35,"minecraft:white_bed":3,"minecraft:spruce_log":72,"minecraft:dirt":986,"minecraft:string":6,"minecraft:stone_shovel":1,"minecraft:rotten_flesh":4,"minecraft:stone_axe":2,"minecraft:wheat_seeds":14,"minecraft:shears":1,"minecraft:spruce_planks":111,"minecraft:iron_ingot":8,"minecraft:granite":6,"minecraft:mutton":1,"minecraft:birch_sapling":3,"minecraft:coal":106,"minecraft:white_wool":14,"minecraft:cobblestone":98,"minecraft:oxeye_daisy":31},"minecraft:mined":{"minecraft:white_bed":2,"minecraft:birch_log":4,"minecraft:spruce_log":22,"minecraft:granite":2,"minecraft:short_grass":31,"minecraft:grass_block":579,"minecraft:dirt":185,"minecraft:tall_grass":7,"minecraft:spruce_leaves":2,"minecraft:stone":67,"minecraft:oxeye_daisy":1}},"DataVersion":3953}