{"stats":{"minecraft:used":{"minecraft:stone_shovel":771,"minecraft:stone_pickaxe":61,"minecraft:chest":1,"minecraft:wooden_pickaxe":12,"minecraft:rotten_flesh":5,"minecraft:torch":74,"minecraft:dirt":49,"minecraft:crafting_table":5,"minecraft:white_bed":3,"minecraft:wooden_axe":23,"minecraft:birch_sapling":3,"minecraft:spruce_sapling":2,"minecraft:stone_axe":39,"minecraft:furnace":1},"minecraft:crafted":{"minecraft:stone_shovel":6,"minecraft:crafting_table":5,"minecraft:spruce_planks":156,"minecraft:wooden_pickaxe":1,"minecraft:furnace":1,"minecraft:stone_axe":1,"minecraft:air":0,"minecraft:iron_chestplate":1,"minecraft:stick":40,"minecraft:iron_ingot":10,"minecraft:stone_pickaxe":3,"minecraft:wooden_axe":1,"minecraft:chest":1,"minecraft:white_bed":3,"minecraft:torch":96,"minecraft:shears":1},"minecraft:killed":{"minecraft:spider":1,"minecraft:creeper":1,"minecraft:sheep":1,"minecraft:zombie":7},"minecraft:broken":{"minecraft:stone_shovel":5},"minecraft:custom":{"minecraft:interact_with_furnace":3,"minecraft:mob_kills":12,"minecraft:interact_with_crafting_table":15,"minecraft:leave_game":6,"minecraft:time_since_death":0,"minecraft:sleep_in_bed":2,"minecraft:time_since_rest":6883,"minecraft:sprint_one_cm":83188,"minecraft:damage_taken":1039,"minecraft:walk_one_cm":232297,"minecraft:drop":1,"minecraft:damage_dealt":1818,"minecraft:swim_one_cm":5540,"minecraft:fly_one_cm":109649,"minecraft:open_chest":1,"minecraft:crouch_one_cm":3604,"minecraft:play_time":54404,"minecraft:deaths":4,"minecraft:sneak_time":2858,"minecraft:walk_under_water_one_cm":921,"minecraft:jump":789,"minecraft:walk_on_water_one_cm":1362,"minecraft:total_world_time":54404,"minecraft:fall_one_cm":19779},"minecraft:dropped":{"minecraft:white_bed":1},"minecraft:killed_by":{"minecraft:zombie":3},"minecraft:picked_up":{"minecraft:birch_log":10,"minecraft:iron_chestplate":1,"minecraft:wooden_pickaxe":3,"minecraft:gunpowder":1,"minecraft:string":8,"minecraft:dirt":1697,"minecraft:wheat_seeds":25,"minecraft:spruce_planks":218,"minecraft:iron_ingot":8,"minecraft:stone_pickaxe":1,"minecraft:birch_sapling":3,"minecraft:stick":10,"minecraft:raw_iron":20,"minecraft:torch":50,"minecraft:spruce_sapling":46,"minecraft:white_bed":4,"minecraft:spruce_log":72,"minecraft:rotten_flesh":11,"minecraft:stone_shovel":2,"minecraft:stone_axe":3,"minecraft:shears":2,"minecraft:granite":8,"minecraft:mutton":1,"minecraft:coal":123,"minecraft:white_wool":16,"minecraft:cobblestone":143,"minecraft:oxeye_daisy":48},"minecraft:mined":{"minecraft:white_bed":2,"minecraft:granite":2,"minecraft:short_grass":31,"minecraft:grass_block":579,"minecraft:tall_grass":7,"minecraft:spruce_leaves":2,"minecraft:oxeye_daisy":1,"minecraft:birch_log":4,"minecraft:spruce_log":22,"minecraft:dirt":185,"minecraft:stone":67}},"DataVersion":3953}