{"stats":{"minecraft:killed_by":{"minecraft:zombie_villager":1,"minecraft:wither_skeleton":3,"minecraft:creeper":1,"minecraft:drowned":1,"minecraft:silverfish":1,"minecraft:blaze":1,"minecraft:zombie":7,"minecraft:skeleton":8},"minecraft:killed":{"minecraft:spider":3,"minecraft:skeleton":318,"minecraft:bee":2,"minecraft:silverfish":2,"minecraft:piglin":1,"minecraft:zombie_villager":2,"minecraft:salmon":5,"minecraft:creeper":3,"minecraft:sheep":1,"minecraft:trader_llama":1,"minecraft:pillager":4,"minecraft:zombie":22,"minecraft:blaze":1,"minecraft:cow":5,"minecraft:drowned":8,"minecraft:wandering_trader":1,"minecraft:squid":7,"minecraft:wither_skeleton":1},"minecraft:used":{"minecraft:iron_shovel":1528,"minecraft:spruce_slab":186,"minecraft:ladder":148,"minecraft:shield":31,"minecraft:black_carpet":1,"minecraft:chest":67,"minecraft:decorated_pot":7,"minecraft:iron_sword":88,"minecraft:bell":2,"minecraft:rotten_flesh":26,"minecraft:iron_chestplate":1,"minecraft:carrot":461,"minecraft:deepslate_tile_slab":48,"minecraft:tuff":9,"minecraft:stripped_spruce_log":1106,"minecraft:polished_deepslate_stairs":377,"minecraft:spruce_boat":6,"minecraft:lava_bucket":2,"minecraft:black_stained_glass_pane":114,"minecraft:grass_block":1,"minecraft:lantern":27,"minecraft:birch_sapling":3,"minecraft:iron_helmet":1,"minecraft:stone_brick_stairs":11,"minecraft:stone_bricks":140,"minecraft:sweet_berries":61,"minecraft:oak_sapling":107,"minecraft:furnace":20,"minecraft:cooked_cod":1,"minecraft:egg":7,"minecraft:potato":560,"minecraft:diamond_boots":1,"minecraft:spruce_door":2,"minecraft:stone_pickaxe":316,"minecraft:oak_planks":9,"minecraft:wooden_pickaxe":19,"minecraft:composter":14,"minecraft:blue_bed":1,"minecraft:golden_apple":2,"minecraft:dark_oak_trapdoor":2,"minecraft:sand":1,"minecraft:shears":35,"minecraft:lightning_rod":4,"minecraft:firework_rocket":4,"minecraft:bread":57,"mcwroofs:spruce_roof":2,"minecraft:lectern":21,"minecraft:polished_granite":17,"minecraft:gravel":2,"additional_lights:fire_pit_l_stone_bricks":4,"minecraft:diamond_sword":115,"minecraft:andesite":14,"minecraft:poisonous_potato":5,"minecraft:chain":15,"minecraft:oak_boat":3,"minecraft:bone_meal":951,"minecraft:oak_fence":9,"minecraft:oak_trapdoor":4,"minecraft:stone_shovel":771,"minecraft:spruce_planks":527,"minecraft:cooked_salmon":5,"minecraft:stone_hoe":128,"minecraft:netherrack":8,"minecraft:oak_door":5,"minecraft:dirt":1290,"minecraft:torch":956,"minecraft:brewing_stand":3,"minecraft:spyglass":22,"minecraft:white_carpet":2,"minecraft:spruce_stairs":295,"minecraft:spruce_fence":118,"minecraft:dark_oak_planks":1,"minecraft:wooden_axe":67,"minecraft:stone_brick_slab":9,"minecraft:iron_axe":854,"minecraft:diamond_chestplate":1,"minecraft:golden_carrot":5,"minecraft:black_stained_glass":24,"minecraft:deepslate_tile_stairs":71,"minecraft:minecart":9,"minecraft:cooked_beef":3,"minecraft:cobbled_deepslate":135,"minecraft:golden_axe":30,"minecraft:wheat_seeds":34,"minecraft:cooked_mutton":4,"minecraft:water_bucket":35,"minecraft:glass_bottle":3,"minecraft:polished_andesite":90,"minecraft:baked_potato":263,"minecraft:spruce_sign":15,"minecraft:cauldron":1,"minecraft:stonecutter":3,"minecraft:warped_roots":1,"minecraft:polished_deepslate_slab":117,"minecraft:rail":53,"minecraft:crafting_table":24,"minecraft:oak_slab":12,"minecraft:red_bed":6,"minecraft:white_bed":10,"minecraft:campfire":19,"minecraft:spruce_log":50,"minecraft:deepslate_tile_wall":32,"minecraft:dark_oak_door":4,"minecraft:oak_log":494,"minecraft:wooden_hoe":111,"minecraft:diamond_pickaxe":4193,"minecraft:apple":20,"minecraft:oxeye_daisy":1,"minecraft:diamond_shovel":9,"minecraft:iron_pickaxe":2278,"minecraft:map":3,"sawmill:sawmill":3,"minecraft:spruce_trapdoor":150,"minecraft:spruce_sapling":144,"minecraft:stone_axe":206,"minecraft:cobblestone":220,"additional_lights:fire_for_standing_torch_s":2,"minecraft:bucket":38,"minecraft:glass_pane":62,"minecraft:splash_potion":3},"minecraft:dropped":{"minecraft:moss_block":1,"minecraft:brown_mushroom":5,"minecraft:ominous_bottle":1,"minecraft:lapis_lazuli":50,"minecraft:oak_log":55,"minecraft:baked_potato":2,"minecraft:diamond":3,"minecraft:crafting_table":2,"minecraft:dark_oak_sapling":1,"minecraft:decorated_pot":1,"minecraft:glow_berries":8,"minecraft:warped_roots":1,"minecraft:red_mushroom":4,"minecraft:spruce_leaves":4,"minecraft:flint":1,"minecraft:emerald":15,"minecraft:dirt":48,"minecraft:cooked_cod":1,"minecraft:gold_nugget":5,"minecraft:bone_block":32,"minecraft:iron_pickaxe":2,"minecraft:dark_oak_planks":4,"minecraft:gold_ingot":3,"minecraft:bone":28,"minecraft:oak_door":1,"minecraft:gravel":193,"minecraft:dark_oak_door":1,"minecraft:blackstone":4,"minecraft:golden_chestplate":2,"minecraft:cobbled_deepslate":388,"minecraft:wheat":5,"minecraft:birch_sapling":1,"minecraft:oak_planks":2,"minecraft:enchanted_golden_apple":1,"minecraft:white_bed":3,"minecraft:carrot":200,"minecraft:gunpowder":4,"minecraft:chainmail_boots":2,"mcwroofs:spruce_roof":1,"minecraft:spruce_slab":100,"minecraft:basalt":6,"minecraft:iron_bars":2,"minecraft:arrow":94,"minecraft:beef":7,"minecraft:netherrack":7,"minecraft:stone_hoe":1,"minecraft:enchanted_book":1,"minecraft:water_bucket":1,"minecraft:golden_boots":1,"minecraft:bread":63,"minecraft:wheat_seeds":44,"minecraft:golden_helmet":1,"minecraft:poisonous_potato":1,"minecraft:iron_helmet":1,"minecraft:cobblestone":720,"minecraft:apple":5,"minecraft:deepslate_tile_slab":13,"minecraft:spruce_stairs":620,"minecraft:chainmail_helmet":1,"minecraft:coal":1,"minecraft:stick":91,"minecraft:oxeye_daisy":16,"minecraft:diorite":1,"minecraft:wooden_hoe":1,"minecraft:torch":1,"minecraft:wooden_axe":1,"minecraft:map":1,"minecraft:potion":1,"minecraft:iron_leggings":1,"minecraft:paper":3,"minecraft:spruce_sapling":22,"minecraft:stone_brick_slab":3,"minecraft:smooth_basalt":15,"minecraft:sweet_berries":4,"minecraft:deepslate":72,"minecraft:tuff":64,"minecraft:nether_bricks":55,"minecraft:spruce_fence":1,"minecraft:diamond_sword":2,"minecraft:filled_map":2,"minecraft:potato":232,"minecraft:spruce_boat":2,"minecraft:hay_block":9,"minecraft:spruce_trapdoor":4,"minecraft:spruce_planks":66,"minecraft:diamond_pickaxe":1,"minecraft:iron_chestplate":1,"minecraft:andesite":91,"minecraft:oak_sapling":22,"minecraft:stone_bricks":4,"minecraft:diamond_boots":2,"minecraft:bow":9,"minecraft:calcite":7,"minecraft:brick":6},"minecraft:picked_up":{"minecraft:wooden_axe":3,"minecraft:iron_chestplate":20,"minecraft:wheat":157,"minecraft:chainmail_boots":2,"minecraft:lead":9,"minecraft:diamond_sword":6,"minecraft:enchanted_book":2,"minecraft:potion":3,"minecraft:stone_brick_stairs":1,"minecraft:brewing_stand":4,"minecraft:amethyst_block":12,"minecraft:string":21,"minecraft:dark_oak_trapdoor":3,"minecraft:raw_copper":16,"minecraft:iron_leggings":11,"minecraft:beetroot":10,"minecraft:diamond_leggings":4,"minecraft:gold_nugget":20,"minecraft:cobbled_deepslate":2736,"minecraft:bucket":18,"minecraft:spruce_planks":1175,"minecraft:calcite":7,"minecraft:iron_pickaxe":18,"minecraft:enchanted_golden_apple":4,"minecraft:iron_boots":11,"minecraft:furnace":19,"minecraft:dark_oak_door":3,"minecraft:stick":1096,"minecraft:composter":10,"minecraft:oak_fence":8,"minecraft:polished_deepslate_stairs":269,"minecraft:torch":1128,"minecraft:spruce_stairs":323,"minecraft:golden_axe":5,"minecraft:lightning_rod":3,"minecraft:pointed_dripstone":4,"minecraft:diorite":17,"minecraft:deepslate_tile_stairs":155,"minecraft:golden_chestplate":1,"minecraft:cauldron":2,"minecraft:honey_bottle":3,"minecraft:rotten_flesh":66,"minecraft:blaze_rod":6,"minecraft:deepslate_brick_stairs":5,"minecraft:iron_bars":4,"minecraft:cobblestone":2888,"minecraft:birch_log":15,"minecraft:water_bucket":1,"minecraft:andesite":618,"minecraft:potato":1645,"minecraft:flint":11,"additional_lights:fire_for_standing_torch_s":2,"minecraft:tuff":391,"minecraft:map":4,"minecraft:lapis_lazuli":258,"minecraft:dirt":4570,"minecraft:lantern":24,"minecraft:polished_granite":1,"minecraft:name_tag":1,"minecraft:twisting_vines":6,"minecraft:bone":123,"minecraft:bow":9,"minecraft:stonecutter":3,"minecraft:wheat_seeds":199,"minecraft:raw_gold":92,"minecraft:bell":2,"minecraft:mossy_stone_bricks":1,"minecraft:diamond_helmet":1,"minecraft:moss_block":2,"minecraft:oak_planks":199,"minecraft:stone_hoe":2,"minecraft:poisonous_potato":12,"minecraft:black_stained_glass_pane":96,"minecraft:sand":100,"minecraft:stripped_spruce_log":535,"minecraft:nether_brick_stairs":1,"minecraft:ink_sac":27,"minecraft:grass_block":1,"minecraft:dark_oak_log":82,"minecraft:polished_andesite":29,"minecraft:diamond":68,"minecraft:spruce_boat":6,"mcwroofs:spruce_roof":5,"minecraft:granite":24,"minecraft:chainmail_helmet":1,"minecraft:spruce_sign":9,"minecraft:emerald":92,"minecraft:bread":97,"minecraft:oak_sapling":398,"minecraft:netherrack":92,"minecraft:dark_oak_fence":2,"minecraft:diamond_pickaxe":7,"minecraft:spruce_leaves":70,"minecraft:crafting_table":8,"minecraft:ominous_bottle":4,"minecraft:ladder":159,"minecraft:nether_wart":19,"minecraft:brown_mushroom":43,"minecraft:wooden_pickaxe":6,"minecraft:chain":41,"minecraft:brick":142,"minecraft:shield":5,"minecraft:red_bed":4,"minecraft:iron_axe":9,"minecraft:flint_and_steel":1,"minecraft:iron_shovel":9,"minecraft:blackstone":16,"minecraft:glass_pane":62,"minecraft:candle":20,"minecraft:beef":7,"sawmill:sawmill":3,"minecraft:iron_nugget":14,"minecraft:poppy":4,"minecraft:spruce_slab":156,"minecraft:minecart":8,"minecraft:lectern":9,"minecraft:sugar_cane":91,"minecraft:chest":41,"minecraft:birch_sapling":4,"minecraft:spruce_trapdoor":55,"minecraft:egg":25,"minecraft:dark_oak_sapling":1,"minecraft:black_stained_glass":24,"minecraft:raw_iron":266,"minecraft:polished_deepslate_slab":87,"minecraft:oak_door":6,"minecraft:copper_ingot":2,"minecraft:spruce_fence":100,"minecraft:carrot":1461,"minecraft:redstone":239,"minecraft:dark_oak_planks":1,"minecraft:arrow":166,"minecraft:stone_shovel":2,"minecraft:diamond_chestplate":3,"minecraft:cooked_cod":2,"minecraft:beetroot_seeds":4,"minecraft:decorated_pot":11,"minecraft:nether_bricks":227,"minecraft:shears":4,"minecraft:diamond_boots":6,"minecraft:hay_block":82,"minecraft:saddle":6,"minecraft:gold_ingot":41,"minecraft:mutton":1,"minecraft:glow_berries":24,"minecraft:rail":45,"minecraft:white_wool":24,"minecraft:oxeye_daisy":129,"minecraft:basalt":18,"minecraft:salmon":5,"minecraft:leather":4,"minecraft:red_mushroom":12,"minecraft:filled_map":4,"minecraft:oak_log":925,"minecraft:golden_boots":1,"minecraft:gunpowder":17,"minecraft:deepslate_tile_slab":151,"minecraft:wooden_hoe":5,"minecraft:blue_bed":1,"minecraft:paper":9,"minecraft:white_banner":3,"minecraft:apple":102,"minecraft:stone_bricks":121,"minecraft:iron_ingot":42,"minecraft:stone_pickaxe":10,"minecraft:iron_sword":8,"minecraft:soul_sand":10,"minecraft:book":227,"minecraft:oak_slab":6,"minecraft:smooth_basalt":15,"minecraft:pumpkin":6,"minecraft:sweet_berries":95,"minecraft:stone_brick_slab":6,"minecraft:red_wool":8,"minecraft:quartz":103,"minecraft:spyglass":1,"minecraft:gravel":325,"minecraft:lava_bucket":1,"minecraft:amethyst_shard":48,"minecraft:spruce_sapling":261,"minecraft:white_bed":15,"minecraft:spruce_log":2184,"minecraft:spider_eye":2,"minecraft:diamond_shovel":1,"minecraft:slime_ball":96,"minecraft:stone_axe":6,"minecraft:campfire":12,"minecraft:iron_helmet":14,"minecraft:warped_roots":5,"minecraft:baked_potato":122,"minecraft:warped_nylium":1,"minecraft:coal":1379},"minecraft:broken":{"minecraft:iron_shovel":5,"minecraft:stone_pickaxe":3,"minecraft:diamond_pickaxe":2,"minecraft:stone_axe":8,"minecraft:wooden_axe":4,"minecraft:stone_shovel":5,"minecraft:golden_axe":1,"minecraft:iron_axe":8,"minecraft:iron_pickaxe":9,"minecraft:iron_helmet":1,"minecraft:wooden_hoe":1},"minecraft:crafted":{"minecraft:black_dye":9,"minecraft:oak_planks":236,"minecraft:blaze_powder":2,"minecraft:chain":14,"minecraft:lightning_rod":1,"minecraft:stone":168,"minecraft:diamond_shovel":1,"minecraft:bookshelf":12,"minecraft:dark_oak_door":3,"minecraft:glass":99,"minecraft:diamond_helmet":2,"minecraft:diamond_leggings":1,"minecraft:iron_boots":1,"minecraft:chest":28,"minecraft:rail":16,"minecraft:stone_hoe":1,"minecraft:stone_bricks":8,"minecraft:oak_fence":6,"minecraft:golden_axe":5,"minecraft:glass_bottle":3,"minecraft:oak_slab":18,"minecraft:deepslate":72,"minecraft:emerald":43,"minecraft:crafting_table":18,"minecraft:spruce_planks":3104,"minecraft:iron_helmet":1,"minecraft:wooden_pickaxe":2,"minecraft:baked_potato":319,"minecraft:spruce_door":3,"additional_lights:fire_pit_l_stone_bricks":4,"minecraft:fletching_table":1,"minecraft:campfire":19,"minecraft:stone_brick_stairs":10,"minecraft:spruce_trapdoor":146,"minecraft:lectern":12,"minecraft:diamond_pickaxe":4,"minecraft:iron_chestplate":2,"minecraft:book":4,"minecraft:wooden_hoe":2,"minecraft:paper":12,"minecraft:golden_leggings":1,"minecraft:charcoal":7,"minecraft:shield":1,"minecraft:stick":584,"minecraft:iron_ingot":143,"minecraft:iron_pickaxe":12,"minecraft:gold_ingot":29,"minecraft:composter":5,"minecraft:shears":2,"minecraft:deepslate_tile_slab":42,"sawmill:sawmill":1,"minecraft:oak_door":3,"minecraft:stone_shovel":6,"minecraft:iron_nugget":360,"minecraft:furnace":11,"minecraft:dark_oak_trapdoor":2,"minecraft:bone_meal":930,"minecraft:white_carpet":12,"minecraft:glass_pane":64,"minecraft:oak_trapdoor":4,"minecraft:lantern":21,"minecraft:spruce_stairs":62,"minecraft:iron_axe":7,"minecraft:ladder":162,"minecraft:spruce_slab":222,"minecraft:stone_pickaxe":7,"minecraft:diamond_boots":1,"minecraft:spruce_boat":2,"minecraft:dark_oak_planks":16,"minecraft:minecart":1,"minecraft:wheat":18,"minecraft:sugar":1,"minecraft:coal_block":31,"minecraft:red_dye":4,"minecraft:diamond_sword":1,"minecraft:spruce_sign":15,"minecraft:iron_sword":1,"minecraft:red_bed":2,"minecraft:cooked_salmon":5,"minecraft:bucket":2,"minecraft:stone_axe":8,"minecraft:enchanted_book":3,"minecraft:air":0,"minecraft:bread":27,"minecraft:black_stained_glass":72,"minecraft:oak_boat":3,"minecraft:golden_apple":2,"minecraft:fermented_spider_eye":1,"minecraft:wooden_axe":8,"minecraft:black_stained_glass_pane":128,"minecraft:iron_shovel":7,"minecraft:iron_leggings":1,"minecraft:stonecutter":1,"minecraft:white_bed":3,"minecraft:torch":912,"minecraft:diamond_chestplate":1},"minecraft:custom":{"minecraft:animals_bred":12,"minecraft:interact_with_crafting_table":235,"minecraft:open_barrel":5,"minecraft:leave_game":60,"minecraft:time_since_death":201421,"minecraft:sprint_one_cm":3316210,"minecraft:damage_blocked_by_shield":2430,"minecraft:drop":227,"minecraft:talked_to_villager":56,"minecraft:play_time":1598944,"minecraft:deaths":35,"minecraft:jump":21891,"minecraft:interact_with_brewingstand":9,"minecraft:walk_on_water_one_cm":106933,"minecraft:enchant_item":4,"minecraft:interact_with_furnace":236,"minecraft:traded_with_villager":46,"minecraft:sleep_in_bed":46,"minecraft:damage_dealt":13988,"minecraft:crouch_one_cm":156686,"minecraft:interact_with_smoker":5,"minecraft:use_cauldron":3,"minecraft:horse_one_cm":412596,"minecraft:interact_with_anvil":3,"minecraft:mob_kills":393,"minecraft:inspect_hopper":1,"minecraft:fill_cauldron":1,"minecraft:climb_one_cm":153675,"minecraft:walk_one_cm":5073035,"minecraft:sneak_time":79283,"minecraft:walk_under_water_one_cm":323864,"minecraft:boat_one_cm":198413,"minecraft:interact_with_blast_furnace":7,"minecraft:total_world_time":1598944,"minecraft:interact_with_stonecutter":32,"minecraft:interact_with_grindstone":1,"minecraft:time_since_rest":34242,"minecraft:damage_absorbed":40,"minecraft:damage_taken":25953,"minecraft:swim_one_cm":474117,"minecraft:fly_one_cm":4157110,"minecraft:open_chest":808,"minecraft:fall_one_cm":703223},"minecraft:mined":{"minecraft:large_amethyst_bud":2,"minecraft:spruce_planks":79,"minecraft:oak_sapling":43,"minecraft:white_bed":11,"minecraft:farmland":47,"minecraft:brewing_stand":3,"minecraft:spruce_trapdoor":15,"minecraft:granite":18,"minecraft:grass_block":1424,"minecraft:deepslate_tile_stairs":12,"minecraft:composter":10,"minecraft:oxeye_daisy":19,"minecraft:nether_wart":10,"minecraft:tall_seagrass":1,"minecraft:dark_oak_trapdoor":2,"minecraft:fire":4,"minecraft:cobbled_deepslate":8,"minecraft:pumpkin":2,"minecraft:black_carpet":1,"minecraft:deepslate_lapis_ore":3,"minecraft:nether_brick_stairs":1,"minecraft:pointed_dripstone":1,"minecraft:water_cauldron":1,"minecraft:polished_deepslate_slab":4,"minecraft:oak_stairs":1,"minecraft:spruce_slab":29,"minecraft:deepslate_redstone_ore":8,"minecraft:brown_mushroom":10,"minecraft:red_bed":4,"minecraft:blackstone":4,"minecraft:twisting_vines_plant":1,"minecraft:kelp_plant":1,"minecraft:polished_deepslate_stairs":86,"minecraft:amethyst_cluster":3,"minecraft:deepslate_tile_slab":19,"minecraft:torch":156,"minecraft:calcite":5,"minecraft:poppy":4,"minecraft:chest":41,"minecraft:dead_bush":1,"minecraft:cobblestone":10,"minecraft:oak_planks":9,"minecraft:sugar_cane":20,"minecraft:wall_torch":48,"minecraft:amethyst_block":1,"minecraft:seagrass":2,"minecraft:chain":1,"minecraft:warped_nylium":4,"minecraft:birch_log":4,"minecraft:dark_oak_door":3,"minecraft:wheat":33,"minecraft:stone_brick_stairs":1,"minecraft:oak_log":91,"minecraft:sand":100,"minecraft:dirt":852,"minecraft:infested_cracked_stone_bricks":2,"mcwroofs:spruce_roof":2,"minecraft:smooth_basalt":17,"minecraft:stonecutter":2,"minecraft:netherrack":20,"minecraft:deepslate":3889,"minecraft:oak_leaves":87,"minecraft:infested_deepslate":3,"minecraft:tuff":420,"minecraft:deepslate_diamond_ore":3,"minecraft:candle":1,"minecraft:oak_door":2,"minecraft:nether_bricks":108,"minecraft:ladder":6,"minecraft:spruce_fence":18,"sawmill:sawmill":2,"minecraft:decorated_pot":34,"minecraft:spruce_leaves":94,"minecraft:red_mushroom":4,"minecraft:moss_block":1,"minecraft:large_fern":5,"minecraft:hay_block":11,"minecraft:black_stained_glass_pane":2,"minecraft:spruce_sapling":38,"minecraft:furnace":14,"minecraft:carrots":353,"minecraft:nether_sprouts":2,"minecraft:andesite":255,"minecraft:stripped_spruce_log":327,"minecraft:bell":2,"minecraft:bookshelf":39,"minecraft:potatoes":434,"minecraft:deepslate_iron_ore":1,"minecraft:rail":29,"minecraft:lantern":6,"minecraft:stone":1409,"minecraft:podzol":57,"minecraft:glass_pane":1,"minecraft:soul_sand":10,"minecraft:infested_stone_bricks":1,"minecraft:basalt":6,"minecraft:polished_granite":1,"minecraft:oak_fence":9,"minecraft:crafting_table":7,"minecraft:short_grass":347,"minecraft:emerald_ore":3,"minecraft:warped_roots":4,"minecraft:rose_bush":1,"minecraft:lectern":10,"minecraft:lightning_rod":3,"minecraft:copper_ore":4,"minecraft:tall_grass":49,"minecraft:deepslate_gold_ore":7,"minecraft:diorite":9,"minecraft:blue_bed":1,"minecraft:spruce_stairs":37,"minecraft:coarse_dirt":2,"additional_lights:fire_for_standing_torch_s":2,"minecraft:sweet_berry_bush":6,"minecraft:spruce_log":152,"minecraft:bee_nest":1,"minecraft:coal_ore":1,"minecraft:gravel":105,"minecraft:cracked_stone_bricks":1,"minecraft:polished_andesite":17,"minecraft:stone_bricks":10,"minecraft:small_dripleaf":1,"minecraft:mossy_stone_bricks":3,"minecraft:deepslate_emerald_ore":8,"minecraft:infested_stone":2,"minecraft:fern":5}},"DataVersion":3953}