{"stats":{"minecraft:used":{"minecraft:wheat_seeds":9,"minecraft:stone_shovel":771,"minecraft:stone_pickaxe":73,"minecraft:chest":1,"minecraft:wooden_pickaxe":16,"minecraft:cooked_salmon":2,"minecraft:rotten_flesh":5,"minecraft:torch":83,"minecraft:dirt":53,"minecraft:crafting_table":8,"minecraft:white_bed":3,"minecraft:wooden_axe":53,"minecraft:wooden_hoe":15,"minecraft:birch_sapling":3,"minecraft:spruce_sapling":2,"minecraft:stone_axe":39,"minecraft:furnace":2},"minecraft:crafted":{"minecraft:stone_shovel":6,"minecraft:crafting_table":7,"minecraft:spruce_planks":276,"minecraft:wooden_pickaxe":2,"minecraft:furnace":2,"minecraft:cooked_salmon":5,"minecraft:stone_axe":1,"minecraft:air":0,"minecraft:wooden_hoe":1,"minecraft:iron_chestplate":1,"minecraft:stick":60,"minecraft:iron_ingot":10,"minecraft:stone_pickaxe":5,"minecraft:wooden_axe":2,"minecraft:chest":1,"minecraft:white_bed":3,"minecraft:torch":112,"minecraft:shears":1},"minecraft:killed":{"minecraft:salmon":5,"minecraft:spider":1,"minecraft:creeper":1,"minecraft:sheep":1,"minecraft:zombie":7},"minecraft:custom":{"minecraft:interact_with_furnace":6,"minecraft:mob_kills":17,"minecraft:interact_with_crafting_table":24,"minecraft:leave_game":8,"minecraft:time_since_death":9504,"minecraft:sleep_in_bed":3,"minecraft:time_since_rest":9534,"minecraft:sprint_one_cm":123189,"minecraft:damage_taken":1354,"minecraft:walk_one_cm":296625,"minecraft:drop":1,"minecraft:damage_dealt":1968,"minecraft:swim_one_cm":67229,"minecraft:fly_one_cm":159419,"minecraft:open_chest":2,"minecraft:crouch_one_cm":4774,"minecraft:play_time":92202,"minecraft:deaths":5,"minecraft:sneak_time":4230,"minecraft:walk_under_water_one_cm":7751,"minecraft:jump":1133,"minecraft:walk_on_water_one_cm":9082,"minecraft:total_world_time":92202,"minecraft:fall_one_cm":30537},"minecraft:broken":{"minecraft:stone_pickaxe":1,"minecraft:stone_shovel":5},"minecraft:dropped":{"minecraft:white_bed":1},"minecraft:killed_by":{"minecraft:zombie":3},"minecraft:picked_up":{"minecraft:wooden_axe":1,"minecraft:birch_log":10,"minecraft:crafting_table":1,"minecraft:iron_chestplate":1,"minecraft:salmon":5,"minecraft:wooden_pickaxe":4,"minecraft:gunpowder":1,"minecraft:wooden_hoe":1,"minecraft:dirt":1704,"minecraft:string":8,"minecraft:wheat_seeds":35,"minecraft:spruce_planks":224,"minecraft:iron_ingot":8,"minecraft:stone_pickaxe":2,"minecraft:sugar_cane":8,"minecraft:birch_sapling":3,"minecraft:stick":10,"minecraft:raw_iron":27,"minecraft:torch":50,"minecraft:spruce_sapling":50,"minecraft:white_bed":4,"minecraft:spruce_log":102,"minecraft:rotten_flesh":11,"minecraft:stone_shovel":2,"minecraft:stone_axe":3,"minecraft:shears":2,"minecraft:granite":8,"minecraft:mutton":1,"minecraft:coal":257,"minecraft:white_wool":16,"minecraft:cobblestone":158,"minecraft:oxeye_daisy":48},"minecraft:mined":{"minecraft:white_bed":2,"minecraft:crafting_table":1,"minecraft:granite":2,"minecraft:short_grass":139,"minecraft:grass_block":582,"minecraft:tall_grass":7,"minecraft:spruce_leaves":3,"minecraft:sugar_cane":3,"minecraft:oxeye_daisy":1,"minecraft:birch_log":4,"minecraft:spruce_log":46,"minecraft:coal_ore":1,"minecraft:dirt":186,"minecraft:stone":81}},"DataVersion":3953}