{"stats":{"minecraft:used":{"minecraft:wheat_seeds":10,"minecraft:water_bucket":2,"minecraft:iron_shovel":53,"minecraft:stone_shovel":771,"minecraft:stone_pickaxe":112,"minecraft:chest":2,"minecraft:decorated_pot":7,"minecraft:spruce_planks":30,"minecraft:wooden_pickaxe":19,"minecraft:cooked_salmon":5,"minecraft:blue_bed":1,"minecraft:rotten_flesh":9,"minecraft:golden_apple":1,"minecraft:torch":198,"minecraft:dirt":103,"minecraft:crafting_table":8,"minecraft:carrot":2,"minecraft:white_bed":4,"minecraft:wooden_axe":62,"minecraft:wooden_hoe":29,"minecraft:bread":1,"minecraft:birch_sapling":3,"minecraft:iron_helmet":1,"minecraft:spruce_sapling":2,"minecraft:stone_axe":39,"minecraft:sweet_berries":47,"minecraft:furnace":2,"minecraft:bucket":2},"minecraft:crafted":{"minecraft:stone_shovel":6,"minecraft:crafting_table":7,"minecraft:spruce_planks":276,"minecraft:iron_helmet":1,"minecraft:wooden_pickaxe":2,"minecraft:furnace":2,"minecraft:cooked_salmon":5,"minecraft:bucket":1,"minecraft:stone_axe":1,"minecraft:air":0,"minecraft:wooden_hoe":2,"minecraft:iron_chestplate":2,"minecraft:stick":88,"minecraft:iron_ingot":32,"minecraft:stone_pickaxe":5,"minecraft:wooden_axe":2,"minecraft:chest":2,"minecraft:iron_shovel":1,"minecraft:white_bed":3,"minecraft:torch":220,"minecraft:shears":1},"minecraft:killed":{"minecraft:salmon":5,"minecraft:spider":1,"minecraft:creeper":1,"minecraft:sheep":1,"minecraft:zombie":11},"minecraft:custom":{"minecraft:interact_with_furnace":18,"minecraft:mob_kills":21,"minecraft:interact_with_crafting_table":34,"minecraft:leave_game":11,"minecraft:time_since_death":1479,"minecraft:sleep_in_bed":7,"minecraft:time_since_rest":1507,"minecraft:sprint_one_cm":359182,"minecraft:damage_taken":3767,"minecraft:walk_one_cm":444778,"minecraft:drop":2,"minecraft:damage_dealt":2755,"minecraft:swim_one_cm":198019,"minecraft:talked_to_villager":1,"minecraft:fly_one_cm":429435,"minecraft:open_chest":19,"minecraft:crouch_one_cm":5295,"minecraft:play_time":150823,"minecraft:deaths":11,"minecraft:sneak_time":4517,"minecraft:walk_under_water_one_cm":10680,"minecraft:jump":2473,"minecraft:walk_on_water_one_cm":17140,"minecraft:total_world_time":150823,"minecraft:fall_one_cm":70636},"minecraft:broken":{"minecraft:stone_pickaxe":1,"minecraft:wooden_axe":1,"minecraft:stone_shovel":5},"minecraft:dropped":{"minecraft:white_bed":1,"minecraft:diorite":1},"minecraft:killed_by":{"minecraft:skeleton":2,"minecraft:zombie":5},"minecraft:picked_up":{"minecraft:wooden_axe":1,"minecraft:birch_log":10,"minecraft:crafting_table":1,"minecraft:iron_chestplate":5,"minecraft:wheat":76,"minecraft:andesite":2,"minecraft:salmon":5,"minecraft:brown_mushroom":28,"minecraft:wooden_pickaxe":4,"minecraft:potato":42,"minecraft:gunpowder":1,"minecraft:string":9,"minecraft:wooden_hoe":1,"minecraft:dirt":1819,"minecraft:blue_bed":1,"minecraft:iron_shovel":3,"minecraft:beetroot":10,"minecraft:wheat_seeds":46,"minecraft:bucket":3,"minecraft:spruce_planks":328,"minecraft:iron_ingot":8,"minecraft:stone_pickaxe":6,"minecraft:sugar_cane":19,"minecraft:birch_sapling":3,"minecraft:egg":22,"minecraft:stick":11,"minecraft:raw_iron":42,"minecraft:pumpkin":2,"minecraft:sweet_berries":82,"minecraft:torch":57,"minecraft:spruce_sapling":50,"minecraft:carrot":12,"minecraft:diorite":1,"minecraft:white_bed":5,"minecraft:spruce_log":102,"minecraft:rotten_flesh":13,"minecraft:stone_shovel":2,"minecraft:decorated_pot":8,"minecraft:stone_axe":3,"minecraft:shears":2,"minecraft:hay_block":55,"minecraft:iron_helmet":4,"minecraft:granite":8,"minecraft:saddle":6,"minecraft:emerald":5,"minecraft:mutton":1,"minecraft:coal":261,"minecraft:white_wool":16,"minecraft:cobblestone":170,"minecraft:oxeye_daisy":48},"minecraft:mined":{"minecraft:spruce_planks":2,"minecraft:white_bed":3,"minecraft:brown_mushroom":5,"minecraft:crafting_table":1,"minecraft:torch":2,"minecraft:granite":2,"minecraft:short_grass":145,"minecraft:grass_block":631,"minecraft:decorated_pot":8,"minecraft:tall_grass":7,"minecraft:spruce_leaves":13,"minecraft:sugar_cane":9,"minecraft:oxeye_daisy":1,"minecraft:diorite":1,"minecraft:blue_bed":1,"minecraft:large_fern":1,"minecraft:seagrass":1,"minecraft:hay_block":11,"minecraft:birch_log":4,"minecraft:wheat":5,"minecraft:sweet_berry_bush":1,"minecraft:spruce_log":46,"minecraft:pumpkin":2,"minecraft:coal_ore":1,"minecraft:dirt":194,"minecraft:stone":85,"minecraft:fern":3}},"DataVersion":3953}