{"stats":{"minecraft:killed":{"minecraft:pillager":2},"minecraft:broken":{"minecraft:stone_pickaxe":1,"minecraft:wooden_axe":1,"minecraft:flint_and_steel":1},"minecraft:dropped":{"minecraft:flint_and_steel":1},"minecraft:mined":{"minecraft:dark_oak_leaves":2,"minecraft:jungle_leaves":1,"minecraft:dark_oak_log":40,"minecraft:crafting_table":1,"minecraft:granite":2,"minecraft:short_grass":7,"minecraft:grass_block":1,"minecraft:melon":17,"minecraft:decorated_pot":6,"minecraft:jungle_log":70,"minecraft:copper_ore":3,"minecraft:sugar_cane":5,"minecraft:tall_seagrass":1,"minecraft:fire":2,"minecraft:jungle_fence":1,"minecraft:coal_ore":18,"minecraft:vine":48,"minecraft:cocoa":1,"minecraft:gravel":59,"minecraft:sand":2,"minecraft:dirt":4,"minecraft:bamboo":2,"minecraft:stone":24,"minecraft:fern":7},"minecraft:killed_by":{"minecraft:spider":1,"minecraft:pillager":1,"minecraft:drowned":1},"minecraft:custom":{"minecraft:interact_with_furnace":2,"minecraft:mob_kills":2,"minecraft:interact_with_crafting_table":15,"minecraft:leave_game":2,"minecraft:time_since_death":4963,"minecraft:sleep_in_bed":8,"minecraft:climb_one_cm":13887,"minecraft:time_since_rest":2544,"minecraft:sprint_one_cm":230667,"minecraft:damage_taken":2875,"minecraft:walk_one_cm":213069,"minecraft:drop":1,"minecraft:damage_dealt":448,"minecraft:swim_one_cm":176658,"minecraft:talked_to_villager":4,"minecraft:fly_one_cm":380087,"minecraft:open_chest":10,"minecraft:crouch_one_cm":4030,"minecraft:play_time":81009,"minecraft:deaths":8,"minecraft:sneak_time":3423,"minecraft:walk_under_water_one_cm":29219,"minecraft:jump":1746,"minecraft:walk_on_water_one_cm":10165,"minecraft:interact_with_smoker":1,"minecraft:total_world_time":81009,"minecraft:fall_one_cm":55235},"minecraft:crafted":{"minecraft:stone_shovel":1,"minecraft:crafting_table":5,"minecraft:wooden_pickaxe":1,"minecraft:furnace":1,"minecraft:stone_axe":1,"minecraft:air":0,"minecraft:jungle_planks":76,"minecraft:flint_and_steel":1,"minecraft:melon_seeds":3,"minecraft:stick":24,"minecraft:iron_ingot":3,"minecraft:stone_pickaxe":3,"minecraft:wooden_axe":1,"minecraft:chest":1,"minecraft:torch":52},"minecraft:used":{"minecraft:flint_and_steel":64,"minecraft:stone_shovel":50,"minecraft:stone_pickaxe":31,"minecraft:jungle_fence":1,"minecraft:chest":1,"minecraft:decorated_pot":6,"minecraft:wooden_pickaxe":21,"minecraft:rotten_flesh":1,"minecraft:torch":6,"minecraft:glow_berries":2,"minecraft:dirt":4,"minecraft:crafting_table":6,"minecraft:jungle_planks":17,"minecraft:carrot":6,"minecraft:wooden_axe":62,"minecraft:melon_slice":54,"minecraft:jungle_log":5,"minecraft:gravel":55,"minecraft:stone_axe":52,"minecraft:furnace":1},"minecraft:picked_up":{"minecraft:cocoa_beans":48,"minecraft:crafting_table":1,"minecraft:wheat":7,"minecraft:jungle_log":225,"minecraft:jungle_fence":2,"minecraft:wooden_pickaxe":5,"minecraft:potato":20,"minecraft:flint":3,"minecraft:dirt":13,"minecraft:raw_copper":112,"minecraft:flint_and_steel":3,"minecraft:iron_ingot":4,"minecraft:stone_pickaxe":3,"minecraft:jungle_sapling":8,"minecraft:bamboo":75,"minecraft:melon_slice":293,"minecraft:sugar_cane":72,"minecraft:dark_oak_sapling":8,"minecraft:stick":14,"minecraft:raw_iron":8,"minecraft:torch":45,"minecraft:gravel":58,"minecraft:jungle_planks":30,"minecraft:sand":10,"minecraft:carrot":6,"minecraft:dark_oak_log":80,"minecraft:stone_shovel":2,"minecraft:rotten_flesh":1,"minecraft:decorated_pot":6,"minecraft:stone_axe":2,"minecraft:granite":4,"minecraft:melon_seeds":2,"minecraft:glow_berries":2,"minecraft:coal":401,"minecraft:cobblestone":31}},"DataVersion":3953}