{"stats":{"minecraft:used":{"minecraft:wheat_seeds":10,"minecraft:water_bucket":1,"minecraft:stone_shovel":771,"minecraft:stone_pickaxe":102,"minecraft:chest":2,"minecraft:wooden_pickaxe":19,"minecraft:cooked_salmon":5,"minecraft:rotten_flesh":9,"minecraft:torch":198,"minecraft:golden_apple":1,"minecraft:dirt":53,"minecraft:crafting_table":8,"minecraft:white_bed":3,"minecraft:wooden_axe":62,"minecraft:wooden_hoe":16,"minecraft:bread":1,"minecraft:birch_sapling":3,"minecraft:spruce_sapling":2,"minecraft:stone_axe":39,"minecraft:sweet_berries":7,"minecraft:furnace":2,"minecraft:bucket":1},"minecraft:crafted":{"minecraft:stone_shovel":6,"minecraft:crafting_table":7,"minecraft:spruce_planks":276,"minecraft:iron_helmet":1,"minecraft:wooden_pickaxe":2,"minecraft:furnace":2,"minecraft:cooked_salmon":5,"minecraft:bucket":1,"minecraft:stone_axe":1,"minecraft:air":0,"minecraft:wooden_hoe":1,"minecraft:iron_chestplate":2,"minecraft:stick":80,"minecraft:iron_ingot":32,"minecraft:stone_pickaxe":5,"minecraft:wooden_axe":2,"minecraft:chest":2,"minecraft:white_bed":3,"minecraft:torch":220,"minecraft:shears":1},"minecraft:killed":{"minecraft:salmon":5,"minecraft:spider":1,"minecraft:creeper":1,"minecraft:sheep":1,"minecraft:zombie":10},"minecraft:custom":{"minecraft:interact_with_furnace":17,"minecraft:mob_kills":20,"minecraft:interact_with_crafting_table":31,"minecraft:leave_game":8,"minecraft:time_since_death":3201,"minecraft:sleep_in_bed":4,"minecraft:time_since_rest":3227,"minecraft:sprint_one_cm":229573,"minecraft:damage_taken":2220,"minecraft:walk_one_cm":361613,"minecraft:drop":2,"minecraft:damage_dealt":2547,"minecraft:swim_one_cm":118107,"minecraft:fly_one_cm":260396,"minecraft:open_chest":9,"minecraft:crouch_one_cm":5295,"minecraft:play_time":116202,"minecraft:deaths":6,"minecraft:sneak_time":4461,"minecraft:walk_under_water_one_cm":8685,"minecraft:jump":1648,"minecraft:walk_on_water_one_cm":11749,"minecraft:total_world_time":116202,"minecraft:fall_one_cm":44690},"minecraft:broken":{"minecraft:stone_pickaxe":1,"minecraft:wooden_axe":1,"minecraft:stone_shovel":5},"minecraft:dropped":{"minecraft:white_bed":1,"minecraft:diorite":1},"minecraft:killed_by":{"minecraft:zombie":3},"minecraft:picked_up":{"minecraft:wooden_axe":1,"minecraft:birch_log":10,"minecraft:crafting_table":1,"minecraft:iron_chestplate":1,"minecraft:salmon":5,"minecraft:wooden_pickaxe":4,"minecraft:gunpowder":1,"minecraft:wooden_hoe":1,"minecraft:dirt":1705,"minecraft:string":8,"minecraft:wheat_seeds":35,"minecraft:spruce_planks":224,"minecraft:iron_ingot":8,"minecraft:stone_pickaxe":2,"minecraft:sugar_cane":8,"minecraft:birch_sapling":3,"minecraft:egg":2,"minecraft:stick":11,"minecraft:raw_iron":42,"minecraft:pumpkin":2,"minecraft:sweet_berries":35,"minecraft:torch":51,"minecraft:spruce_sapling":50,"minecraft:diorite":1,"minecraft:white_bed":4,"minecraft:spruce_log":102,"minecraft:rotten_flesh":13,"minecraft:stone_shovel":2,"minecraft:stone_axe":3,"minecraft:shears":2,"minecraft:granite":8,"minecraft:mutton":1,"minecraft:coal":261,"minecraft:white_wool":16,"minecraft:cobblestone":170,"minecraft:oxeye_daisy":48},"minecraft:mined":{"minecraft:white_bed":2,"minecraft:torch":1,"minecraft:crafting_table":1,"minecraft:granite":2,"minecraft:short_grass":139,"minecraft:grass_block":583,"minecraft:tall_grass":7,"minecraft:spruce_leaves":5,"minecraft:sugar_cane":3,"minecraft:diorite":1,"minecraft:oxeye_daisy":1,"minecraft:birch_log":4,"minecraft:spruce_log":46,"minecraft:pumpkin":2,"minecraft:coal_ore":1,"minecraft:dirt":186,"minecraft:stone":85}},"DataVersion":3953}