{"stats":{"minecraft:used":{"minecraft:oak_fence":3,"minecraft:wheat_seeds":34,"minecraft:water_bucket":2,"minecraft:iron_shovel":53,"minecraft:stone_shovel":771,"minecraft:stone_pickaxe":115,"minecraft:chest":2,"minecraft:decorated_pot":7,"minecraft:spruce_planks":30,"minecraft:wooden_pickaxe":19,"minecraft:cooked_salmon":5,"minecraft:blue_bed":1,"minecraft:rotten_flesh":9,"minecraft:golden_apple":1,"minecraft:torch":198,"minecraft:dirt":103,"minecraft:crafting_table":8,"minecraft:carrot":14,"minecraft:spruce_stairs":5,"minecraft:white_bed":4,"minecraft:wooden_axe":62,"minecraft:wooden_hoe":64,"minecraft:apple":2,"minecraft:iron_axe":12,"minecraft:bread":3,"minecraft:birch_sapling":3,"minecraft:iron_helmet":1,"minecraft:spruce_sapling":2,"minecraft:stone_axe":39,"minecraft:sweet_berries":57,"minecraft:furnace":2,"minecraft:bucket":2,"minecraft:potato":26},"minecraft:crafted":{"minecraft:oak_planks":20,"minecraft:stone_shovel":6,"minecraft:crafting_table":7,"minecraft:spruce_planks":276,"minecraft:iron_helmet":1,"minecraft:wooden_pickaxe":2,"minecraft:furnace":2,"minecraft:cooked_salmon":5,"minecraft:bucket":1,"minecraft:stone_axe":1,"minecraft:bread":9,"minecraft:air":0,"minecraft:spruce_stairs":20,"minecraft:iron_chestplate":2,"minecraft:wooden_hoe":2,"minecraft:iron_axe":1,"minecraft:stick":88,"minecraft:iron_ingot":32,"minecraft:stone_pickaxe":5,"minecraft:wooden_axe":2,"minecraft:chest":2,"minecraft:iron_shovel":1,"minecraft:white_bed":3,"minecraft:torch":220,"minecraft:oak_fence":3,"minecraft:shears":1,"minecraft:wheat":18},"minecraft:killed":{"minecraft:salmon":5,"minecraft:spider":1,"minecraft:wandering_trader":1,"minecraft:creeper":1,"minecraft:sheep":1,"minecraft:trader_llama":1,"minecraft:zombie":11},"minecraft:custom":{"minecraft:interact_with_furnace":23,"minecraft:mob_kills":23,"minecraft:interact_with_crafting_table":38,"minecraft:leave_game":13,"minecraft:time_since_death":49060,"minecraft:sleep_in_bed":9,"minecraft:climb_one_cm":1377,"minecraft:time_since_rest":2938,"minecraft:sprint_one_cm":415381,"minecraft:damage_taken":3956,"minecraft:walk_one_cm":574575,"minecraft:drop":2,"minecraft:damage_dealt":3205,"minecraft:swim_one_cm":198019,"minecraft:talked_to_villager":3,"minecraft:fly_one_cm":514345,"minecraft:open_chest":28,"minecraft:crouch_one_cm":6118,"minecraft:play_time":198404,"minecraft:deaths":11,"minecraft:sneak_time":5339,"minecraft:walk_under_water_one_cm":13620,"minecraft:jump":2854,"minecraft:walk_on_water_one_cm":19044,"minecraft:total_world_time":198404,"minecraft:fall_one_cm":81456,"minecraft:horse_one_cm":404582},"minecraft:broken":{"minecraft:stone_pickaxe":1,"minecraft:wooden_axe":1,"minecraft:stone_shovel":5},"minecraft:dropped":{"minecraft:white_bed":1,"minecraft:diorite":1},"minecraft:killed_by":{"minecraft:skeleton":2,"minecraft:zombie":5},"minecraft:picked_up":{"minecraft:wooden_axe":1,"minecraft:birch_log":10,"minecraft:crafting_table":1,"minecraft:iron_chestplate":5,"minecraft:wheat":89,"minecraft:andesite":2,"minecraft:salmon":5,"minecraft:brown_mushroom":28,"minecraft:lead":1,"minecraft:wooden_pickaxe":4,"minecraft:potato":58,"minecraft:oak_log":48,"minecraft:gunpowder":1,"minecraft:string":9,"minecraft:wooden_hoe":1,"minecraft:dirt":1819,"minecraft:blue_bed":1,"minecraft:iron_shovel":3,"minecraft:beetroot":10,"minecraft:apple":2,"minecraft:wheat_seeds":91,"minecraft:bucket":3,"minecraft:spruce_planks":328,"minecraft:iron_ingot":8,"minecraft:stone_pickaxe":6,"minecraft:sugar_cane":19,"minecraft:birch_sapling":3,"minecraft:egg":22,"minecraft:stick":22,"minecraft:raw_iron":49,"minecraft:pumpkin":2,"minecraft:sweet_berries":87,"minecraft:torch":57,"minecraft:spruce_sapling":55,"minecraft:diorite":1,"minecraft:white_bed":5,"minecraft:spruce_log":149,"minecraft:carrot":20,"minecraft:rotten_flesh":13,"minecraft:stone_shovel":2,"minecraft:decorated_pot":8,"minecraft:stone_axe":3,"minecraft:shears":2,"minecraft:hay_block":55,"minecraft:iron_helmet":4,"minecraft:granite":8,"minecraft:saddle":6,"minecraft:emerald":5,"minecraft:oak_sapling":19,"minecraft:mutton":1,"minecraft:coal":291,"minecraft:white_wool":16,"minecraft:cobblestone":173,"minecraft:oxeye_daisy":48},"minecraft:mined":{"minecraft:spruce_planks":2,"minecraft:white_bed":3,"minecraft:brown_mushroom":5,"minecraft:crafting_table":1,"minecraft:torch":2,"minecraft:granite":2,"minecraft:short_grass":148,"minecraft:grass_block":631,"minecraft:decorated_pot":8,"minecraft:tall_grass":10,"minecraft:spruce_leaves":17,"minecraft:sugar_cane":9,"minecraft:oxeye_daisy":1,"minecraft:diorite":1,"minecraft:blue_bed":1,"minecraft:large_fern":1,"minecraft:seagrass":1,"minecraft:hay_block":11,"minecraft:carrots":2,"minecraft:birch_log":4,"minecraft:wheat":29,"minecraft:sweet_berry_bush":2,"minecraft:spruce_log":48,"minecraft:pumpkin":2,"minecraft:potatoes":5,"minecraft:coal_ore":1,"minecraft:oak_log":1,"minecraft:dirt":194,"minecraft:stone":88,"minecraft:oak_leaves":4,"minecraft:fern":3}},"DataVersion":3953}