{"stats":{"minecraft:mined":{"minecraft:decorated_pot":6,"minecraft:melon":5,"minecraft:cocoa":1,"minecraft:vine":1,"minecraft:jungle_log":48,"minecraft:jungle_fence":1},"minecraft:custom":{"minecraft:open_chest":5,"minecraft:time_since_rest":15630,"minecraft:crouch_one_cm":3453,"minecraft:play_time":15630,"minecraft:sprint_one_cm":42455,"minecraft:damage_taken":250,"minecraft:walk_one_cm":63111,"minecraft:sneak_time":779,"minecraft:walk_under_water_one_cm":564,"minecraft:jump":254,"minecraft:walk_on_water_one_cm":1009,"minecraft:time_since_death":15630,"minecraft:interact_with_smoker":1,"minecraft:total_world_time":15630,"minecraft:climb_one_cm":3472,"minecraft:talked_to_villager":3,"minecraft:swim_one_cm":16923,"minecraft:interact_with_crafting_table":3,"minecraft:fall_one_cm":5477,"minecraft:fly_one_cm":37909},"minecraft:crafted":{"minecraft:crafting_table":1,"minecraft:stick":4,"minecraft:jungle_planks":16,"minecraft:wooden_axe":1},"minecraft:picked_up":{"minecraft:stick":1,"minecraft:wheat":1,"minecraft:cocoa_beans":3,"minecraft:rotten_flesh":1,"minecraft:jungle_log":44,"minecraft:decorated_pot":6,"minecraft:jungle_fence":1,"minecraft:melon_slice":18},"minecraft:used":{"minecraft:rotten_flesh":1,"minecraft:wooden_axe":45,"minecraft:crafting_table":1,"minecraft:melon_slice":11,"minecraft:jungle_log":3,"minecraft:decorated_pot":6}},"DataVersion":3953}