{"stats":{"minecraft:killed":{"minecraft:pillager":2},"minecraft:broken":{"minecraft:wooden_axe":1},"minecraft:mined":{"minecraft:jungle_fence":1,"minecraft:short_grass":5,"minecraft:coal_ore":18,"minecraft:vine":1,"minecraft:melon":16,"minecraft:decorated_pot":6,"minecraft:cocoa":1,"minecraft:jungle_log":48,"minecraft:dirt":3,"minecraft:copper_ore":3,"minecraft:sugar_cane":5,"minecraft:bamboo":2,"minecraft:stone":9},"minecraft:killed_by":{"minecraft:pillager":1},"minecraft:custom":{"minecraft:time_since_rest":0,"minecraft:sprint_one_cm":107145,"minecraft:damage_taken":750,"minecraft:walk_one_cm":98177,"minecraft:mob_kills":2,"minecraft:damage_dealt":440,"minecraft:interact_with_crafting_table":5,"minecraft:swim_one_cm":63759,"minecraft:talked_to_villager":4,"minecraft:fly_one_cm":130348,"minecraft:open_chest":7,"minecraft:crouch_one_cm":3692,"minecraft:deaths":1,"minecraft:play_time":32000,"minecraft:sneak_time":1043,"minecraft:walk_under_water_one_cm":1354,"minecraft:jump":647,"minecraft:leave_game":1,"minecraft:time_since_death":6688,"minecraft:walk_on_water_one_cm":2858,"minecraft:sleep_in_bed":3,"minecraft:climb_one_cm":7962,"minecraft:total_world_time":32000,"minecraft:interact_with_smoker":1,"minecraft:fall_one_cm":14358},"minecraft:crafted":{"minecraft:crafting_table":2,"minecraft:stick":12,"minecraft:wooden_pickaxe":1,"minecraft:stone_pickaxe":1,"minecraft:wooden_axe":1,"minecraft:torch":20,"minecraft:stone_axe":1,"minecraft:jungle_planks":20},"minecraft:used":{"minecraft:wooden_axe":62,"minecraft:melon_slice":16,"minecraft:stone_pickaxe":17,"minecraft:jungle_log":4,"minecraft:decorated_pot":6,"minecraft:wooden_pickaxe":16,"minecraft:rotten_flesh":1,"minecraft:glow_berries":2,"minecraft:stone_axe":7,"minecraft:torch":5,"minecraft:crafting_table":2,"minecraft:carrot":6},"minecraft:picked_up":{"minecraft:cocoa_beans":6,"minecraft:stick":1,"minecraft:raw_iron":1,"minecraft:wheat":2,"minecraft:jungle_log":79,"minecraft:torch":15,"minecraft:jungle_fence":2,"minecraft:wooden_pickaxe":1,"minecraft:potato":4,"minecraft:carrot":6,"minecraft:dirt":6,"minecraft:raw_copper":32,"minecraft:rotten_flesh":1,"minecraft:stone_axe":1,"minecraft:decorated_pot":6,"minecraft:stone_pickaxe":1,"minecraft:jungle_sapling":1,"minecraft:bamboo":33,"minecraft:melon_slice":126,"minecraft:sugar_cane":12,"minecraft:glow_berries":2,"minecraft:coal":129,"minecraft:cobblestone":12}},"DataVersion":3953}