{"stats":{"minecraft:used":{"minecraft:iron_shovel":1009,"minecraft:spruce_slab":186,"minecraft:ladder":148,"minecraft:shield":4,"minecraft:chest":67,"minecraft:decorated_pot":7,"minecraft:iron_sword":88,"minecraft:rotten_flesh":12,"minecraft:iron_chestplate":1,"minecraft:carrot":99,"minecraft:deepslate_tile_slab":48,"minecraft:tuff":9,"minecraft:stripped_spruce_log":1106,"minecraft:polished_deepslate_stairs":377,"minecraft:spruce_boat":3,"minecraft:lava_bucket":2,"minecraft:black_stained_glass_pane":114,"minecraft:lantern":27,"minecraft:birch_sapling":3,"minecraft:iron_helmet":1,"minecraft:stone_brick_stairs":11,"minecraft:stone_bricks":140,"minecraft:sweet_berries":61,"minecraft:oak_sapling":90,"minecraft:furnace":20,"minecraft:cooked_cod":1,"minecraft:egg":7,"minecraft:potato":135,"minecraft:spruce_door":2,"minecraft:stone_pickaxe":316,"minecraft:oak_planks":9,"minecraft:wooden_pickaxe":19,"minecraft:blue_bed":1,"minecraft:golden_apple":1,"minecraft:dark_oak_trapdoor":2,"minecraft:sand":1,"minecraft:shears":35,"minecraft:lightning_rod":4,"minecraft:firework_rocket":4,"minecraft:bread":31,"mcwroofs:spruce_roof":2,"minecraft:lectern":8,"minecraft:polished_granite":17,"minecraft:andesite":3,"minecraft:poisonous_potato":1,"minecraft:chain":15,"minecraft:oak_boat":1,"minecraft:oak_fence":9,"minecraft:oak_trapdoor":4,"minecraft:stone_shovel":771,"minecraft:spruce_planks":510,"minecraft:cooked_salmon":5,"minecraft:oak_door":5,"minecraft:torch":760,"minecraft:dirt":922,"minecraft:brewing_stand":1,"minecraft:spyglass":22,"minecraft:white_carpet":2,"minecraft:spruce_stairs":267,"minecraft:spruce_fence":117,"minecraft:dark_oak_planks":1,"minecraft:wooden_axe":65,"minecraft:stone_brick_slab":9,"minecraft:iron_axe":854,"minecraft:golden_carrot":5,"minecraft:black_stained_glass":24,"minecraft:deepslate_tile_stairs":71,"minecraft:cooked_beef":3,"minecraft:cobbled_deepslate":65,"minecraft:golden_axe":30,"minecraft:wheat_seeds":34,"minecraft:cooked_mutton":4,"minecraft:water_bucket":27,"minecraft:polished_andesite":90,"minecraft:baked_potato":196,"minecraft:spruce_sign":15,"minecraft:cauldron":1,"minecraft:stonecutter":3,"minecraft:polished_deepslate_slab":117,"minecraft:oak_slab":6,"minecraft:crafting_table":20,"minecraft:red_bed":4,"minecraft:white_bed":7,"minecraft:campfire":19,"minecraft:spruce_log":48,"minecraft:dark_oak_door":4,"minecraft:deepslate_tile_wall":32,"minecraft:oak_log":494,"minecraft:wooden_hoe":79,"minecraft:diamond_pickaxe":1703,"minecraft:apple":5,"minecraft:oxeye_daisy":1,"minecraft:iron_pickaxe":2278,"minecraft:map":2,"sawmill:sawmill":3,"minecraft:spruce_trapdoor":148,"minecraft:spruce_sapling":144,"minecraft:stone_axe":136,"minecraft:cobblestone":198,"additional_lights:fire_for_standing_torch_s":2,"minecraft:bucket":30,"minecraft:glass_pane":62},"minecraft:crafted":{"minecraft:black_dye":9,"minecraft:oak_planks":236,"minecraft:chain":14,"minecraft:lightning_rod":1,"minecraft:stone":160,"minecraft:bookshelf":8,"minecraft:dark_oak_door":3,"minecraft:glass":96,"minecraft:iron_boots":1,"minecraft:chest":28,"minecraft:rail":16,"minecraft:oak_fence":6,"minecraft:golden_axe":5,"minecraft:oak_slab":12,"minecraft:deepslate":72,"minecraft:crafting_table":14,"minecraft:spruce_planks":2868,"minecraft:iron_helmet":1,"minecraft:wooden_pickaxe":2,"minecraft:baked_potato":191,"minecraft:spruce_door":3,"minecraft:campfire":19,"minecraft:stone_brick_stairs":10,"minecraft:spruce_trapdoor":144,"minecraft:lectern":8,"minecraft:diamond_pickaxe":2,"minecraft:golden_leggings":1,"minecraft:paper":12,"minecraft:iron_chestplate":2,"minecraft:book":4,"minecraft:wooden_hoe":2,"minecraft:charcoal":7,"minecraft:stick":580,"minecraft:iron_ingot":143,"minecraft:iron_pickaxe":12,"minecraft:gold_ingot":25,"minecraft:shears":2,"minecraft:deepslate_tile_slab":42,"sawmill:sawmill":1,"minecraft:oak_door":3,"minecraft:stone_shovel":6,"minecraft:iron_nugget":360,"minecraft:furnace":11,"minecraft:dark_oak_trapdoor":2,"minecraft:white_carpet":12,"minecraft:oak_trapdoor":4,"minecraft:glass_pane":64,"minecraft:lantern":21,"minecraft:spruce_stairs":22,"minecraft:iron_axe":7,"minecraft:ladder":162,"minecraft:spruce_slab":78,"minecraft:stone_pickaxe":7,"minecraft:dark_oak_planks":16,"minecraft:wheat":18,"minecraft:red_dye":4,"minecraft:spruce_sign":15,"minecraft:iron_sword":1,"minecraft:red_bed":2,"minecraft:cooked_salmon":5,"minecraft:bucket":1,"minecraft:stone_axe":8,"minecraft:air":0,"minecraft:bread":27,"minecraft:black_stained_glass":72,"minecraft:oak_boat":1,"minecraft:wooden_axe":6,"minecraft:black_stained_glass_pane":128,"minecraft:iron_shovel":5,"minecraft:iron_leggings":1,"minecraft:stonecutter":1,"minecraft:white_bed":3,"minecraft:torch":740,"minecraft:diamond_chestplate":1},"minecraft:picked_up":{"minecraft:wooden_axe":1,"minecraft:iron_chestplate":20,"minecraft:wheat":148,"minecraft:lead":9,"minecraft:diamond_sword":1,"minecraft:potion":3,"minecraft:enchanted_book":1,"minecraft:stone_brick_stairs":1,"minecraft:brewing_stand":2,"minecraft:amethyst_block":12,"minecraft:string":21,"minecraft:dark_oak_trapdoor":3,"minecraft:iron_leggings":11,"minecraft:beetroot":10,"minecraft:cobbled_deepslate":1562,"minecraft:bucket":16,"minecraft:spruce_planks":1149,"minecraft:calcite":7,"minecraft:iron_pickaxe":18,"minecraft:enchanted_golden_apple":4,"minecraft:iron_boots":11,"minecraft:furnace":19,"minecraft:dark_oak_door":3,"minecraft:stick":988,"minecraft:polished_deepslate_stairs":269,"minecraft:oak_fence":8,"minecraft:torch":774,"minecraft:spruce_stairs":311,"minecraft:golden_axe":5,"minecraft:lightning_rod":3,"minecraft:pointed_dripstone":4,"minecraft:diorite":17,"minecraft:deepslate_tile_stairs":155,"minecraft:cauldron":2,"minecraft:honey_bottle":3,"minecraft:rotten_flesh":45,"minecraft:blaze_rod":1,"minecraft:deepslate_brick_stairs":5,"minecraft:iron_bars":4,"minecraft:cobblestone":1508,"minecraft:birch_log":15,"minecraft:water_bucket":1,"minecraft:andesite":595,"minecraft:potato":452,"minecraft:flint":7,"additional_lights:fire_for_standing_torch_s":2,"minecraft:tuff":245,"minecraft:map":4,"minecraft:lapis_lazuli":200,"minecraft:dirt":4173,"minecraft:lantern":24,"minecraft:polished_granite":1,"minecraft:name_tag":1,"minecraft:twisting_vines":6,"minecraft:bone":21,"minecraft:stonecutter":3,"minecraft:bow":1,"minecraft:wheat_seeds":148,"minecraft:raw_gold":63,"minecraft:mossy_stone_bricks":1,"minecraft:oak_planks":125,"minecraft:poisonous_potato":2,"minecraft:black_stained_glass_pane":96,"minecraft:sand":97,"minecraft:stripped_spruce_log":535,"minecraft:nether_brick_stairs":1,"minecraft:ink_sac":27,"minecraft:dark_oak_log":82,"minecraft:polished_andesite":29,"minecraft:diamond":35,"minecraft:spruce_boat":3,"minecraft:granite":24,"mcwroofs:spruce_roof":5,"minecraft:emerald":79,"minecraft:spruce_sign":9,"minecraft:bread":82,"minecraft:oak_sapling":363,"minecraft:netherrack":52,"minecraft:dark_oak_fence":2,"minecraft:diamond_pickaxe":2,"minecraft:spruce_leaves":70,"minecraft:crafting_table":8,"minecraft:ominous_bottle":4,"minecraft:ladder":159,"minecraft:nether_wart":19,"minecraft:brown_mushroom":38,"minecraft:wooden_pickaxe":6,"minecraft:chain":41,"minecraft:brick":142,"minecraft:shield":1,"minecraft:red_bed":2,"minecraft:iron_axe":9,"minecraft:flint_and_steel":1,"minecraft:iron_shovel":7,"minecraft:glass_pane":62,"minecraft:candle":20,"minecraft:beef":7,"sawmill:sawmill":3,"minecraft:iron_nugget":14,"minecraft:poppy":4,"minecraft:spruce_slab":156,"minecraft:sugar_cane":91,"minecraft:chest":41,"minecraft:birch_sapling":4,"minecraft:spruce_trapdoor":54,"minecraft:egg":25,"minecraft:dark_oak_sapling":1,"minecraft:black_stained_glass":24,"minecraft:raw_iron":257,"minecraft:polished_deepslate_slab":87,"minecraft:oak_door":6,"minecraft:spruce_fence":98,"minecraft:carrot":408,"minecraft:redstone":164,"minecraft:dark_oak_planks":1,"minecraft:arrow":46,"minecraft:stone_shovel":2,"minecraft:cooked_cod":2,"minecraft:decorated_pot":11,"minecraft:beetroot_seeds":4,"minecraft:nether_bricks":62,"minecraft:shears":4,"minecraft:hay_block":82,"minecraft:saddle":6,"minecraft:gold_ingot":11,"minecraft:glow_berries":24,"minecraft:mutton":1,"minecraft:rail":16,"minecraft:white_wool":24,"minecraft:oxeye_daisy":87,"minecraft:salmon":5,"minecraft:leather":4,"minecraft:filled_map":2,"minecraft:oak_log":849,"minecraft:gunpowder":17,"minecraft:wooden_hoe":4,"minecraft:deepslate_tile_slab":151,"minecraft:blue_bed":1,"minecraft:paper":9,"minecraft:white_banner":3,"minecraft:apple":97,"minecraft:stone_bricks":118,"minecraft:iron_ingot":42,"minecraft:stone_pickaxe":10,"minecraft:iron_sword":8,"minecraft:soul_sand":10,"minecraft:book":227,"minecraft:oak_slab":6,"minecraft:smooth_basalt":15,"minecraft:pumpkin":6,"minecraft:sweet_berries":95,"minecraft:stone_brick_slab":6,"minecraft:red_wool":8,"minecraft:spyglass":1,"minecraft:gravel":85,"minecraft:lava_bucket":1,"minecraft:amethyst_shard":48,"minecraft:spruce_sapling":256,"minecraft:white_bed":12,"minecraft:spruce_log":2151,"minecraft:spider_eye":2,"minecraft:slime_ball":32,"minecraft:campfire":12,"minecraft:stone_axe":5,"minecraft:iron_helmet":14,"minecraft:warped_roots":4,"minecraft:baked_potato":91,"minecraft:warped_nylium":1,"minecraft:coal":885},"minecraft:dropped":{"minecraft:ominous_bottle":1,"minecraft:lapis_lazuli":50,"minecraft:oak_log":55,"minecraft:baked_potato":1,"minecraft:diamond":3,"minecraft:crafting_table":2,"minecraft:dark_oak_sapling":1,"minecraft:decorated_pot":1,"minecraft:glow_berries":8,"minecraft:warped_roots":1,"minecraft:spruce_leaves":4,"minecraft:dirt":35,"minecraft:cooked_cod":1,"minecraft:iron_pickaxe":2,"minecraft:dark_oak_planks":4,"minecraft:gold_ingot":3,"minecraft:bone":4,"minecraft:oak_door":1,"minecraft:gravel":8,"minecraft:dark_oak_door":1,"minecraft:cobbled_deepslate":68,"minecraft:birch_sapling":1,"minecraft:enchanted_golden_apple":1,"minecraft:white_bed":3,"minecraft:carrot":59,"minecraft:gunpowder":4,"mcwroofs:spruce_roof":1,"minecraft:spruce_slab":7,"minecraft:iron_bars":2,"minecraft:arrow":21,"minecraft:beef":7,"minecraft:water_bucket":1,"minecraft:bread":63,"minecraft:wheat_seeds":15,"minecraft:poisonous_potato":1,"minecraft:iron_helmet":1,"minecraft:cobblestone":192,"minecraft:apple":4,"minecraft:deepslate_tile_slab":13,"minecraft:spruce_stairs":608,"minecraft:stick":91,"minecraft:oxeye_daisy":4,"minecraft:diorite":1,"minecraft:wooden_hoe":1,"minecraft:map":1,"minecraft:potion":1,"minecraft:iron_leggings":1,"minecraft:paper":3,"minecraft:spruce_sapling":22,"minecraft:stone_brick_slab":3,"minecraft:smooth_basalt":15,"minecraft:sweet_berries":4,"minecraft:deepslate":72,"minecraft:diamond_sword":1,"minecraft:potato":95,"minecraft:hay_block":9,"minecraft:spruce_trapdoor":3,"minecraft:spruce_planks":64,"minecraft:diamond_pickaxe":1,"minecraft:iron_chestplate":1,"minecraft:andesite":79,"minecraft:oak_sapling":22,"minecraft:stone_bricks":1,"minecraft:bow":1,"minecraft:calcite":7,"minecraft:brick":6},"minecraft:killed":{"minecraft:spider":3,"minecraft:skeleton":3,"minecraft:bee":2,"minecraft:piglin":1,"minecraft:zombie_villager":2,"minecraft:salmon":5,"minecraft:creeper":3,"minecraft:sheep":1,"minecraft:trader_llama":1,"minecraft:pillager":4,"minecraft:zombie":20,"minecraft:blaze":1,"minecraft:cow":5,"minecraft:wandering_trader":1,"minecraft:squid":7},"minecraft:custom":{"minecraft:animals_bred":12,"minecraft:interact_with_crafting_table":188,"minecraft:open_barrel":3,"minecraft:leave_game":45,"minecraft:time_since_death":25710,"minecraft:sprint_one_cm":2396646,"minecraft:damage_blocked_by_shield":75,"minecraft:drop":114,"minecraft:talked_to_villager":3,"minecraft:play_time":1185918,"minecraft:deaths":29,"minecraft:jump":15866,"minecraft:interact_with_brewingstand":1,"minecraft:walk_on_water_one_cm":74050,"minecraft:interact_with_furnace":205,"minecraft:sleep_in_bed":39,"minecraft:damage_dealt":10426,"minecraft:crouch_one_cm":134453,"minecraft:interact_with_smoker":5,"minecraft:horse_one_cm":412596,"minecraft:mob_kills":62,"minecraft:climb_one_cm":121362,"minecraft:walk_one_cm":3587881,"minecraft:sneak_time":69578,"minecraft:walk_under_water_one_cm":113562,"minecraft:boat_one_cm":101728,"minecraft:interact_with_blast_furnace":1,"minecraft:total_world_time":1185918,"minecraft:interact_with_stonecutter":31,"minecraft:time_since_rest":25753,"minecraft:damage_taken":20104,"minecraft:swim_one_cm":319592,"minecraft:fly_one_cm":2845961,"minecraft:open_chest":622,"minecraft:fall_one_cm":519742},"minecraft:mined":{"minecraft:large_amethyst_bud":2,"minecraft:spruce_planks":58,"minecraft:white_bed":8,"minecraft:oak_sapling":42,"minecraft:farmland":47,"minecraft:brewing_stand":1,"minecraft:spruce_trapdoor":14,"minecraft:granite":18,"minecraft:grass_block":1242,"minecraft:deepslate_tile_stairs":12,"minecraft:oxeye_daisy":12,"minecraft:nether_wart":10,"minecraft:tall_seagrass":1,"minecraft:dark_oak_trapdoor":2,"minecraft:cobbled_deepslate":8,"minecraft:fire":3,"minecraft:pumpkin":2,"minecraft:deepslate_lapis_ore":1,"minecraft:nether_brick_stairs":1,"minecraft:pointed_dripstone":1,"minecraft:water_cauldron":1,"minecraft:polished_deepslate_slab":4,"minecraft:oak_stairs":1,"minecraft:spruce_slab":29,"minecraft:brown_mushroom":5,"minecraft:red_bed":2,"minecraft:twisting_vines_plant":1,"minecraft:polished_deepslate_stairs":86,"minecraft:amethyst_cluster":3,"minecraft:deepslate_tile_slab":19,"minecraft:torch":73,"minecraft:calcite":5,"minecraft:poppy":4,"minecraft:chest":41,"minecraft:dead_bush":1,"minecraft:cobblestone":10,"minecraft:oak_planks":9,"minecraft:sugar_cane":20,"minecraft:wall_torch":42,"minecraft:amethyst_block":1,"minecraft:seagrass":2,"minecraft:chain":1,"minecraft:warped_nylium":4,"minecraft:birch_log":4,"minecraft:dark_oak_door":3,"minecraft:wheat":29,"minecraft:stone_brick_stairs":1,"minecraft:oak_log":86,"minecraft:sand":97,"minecraft:dirt":710,"minecraft:infested_cracked_stone_bricks":2,"mcwroofs:spruce_roof":2,"minecraft:smooth_basalt":17,"minecraft:stonecutter":2,"minecraft:netherrack":2,"minecraft:deepslate":2337,"minecraft:oak_leaves":82,"minecraft:tuff":240,"minecraft:deepslate_diamond_ore":3,"minecraft:candle":1,"minecraft:oak_door":2,"minecraft:nether_bricks":63,"minecraft:ladder":6,"minecraft:spruce_fence":16,"sawmill:sawmill":2,"minecraft:decorated_pot":34,"minecraft:spruce_leaves":91,"minecraft:large_fern":1,"minecraft:hay_block":11,"minecraft:black_stained_glass_pane":2,"minecraft:spruce_sapling":38,"minecraft:furnace":14,"minecraft:carrots":59,"minecraft:andesite":231,"minecraft:stripped_spruce_log":327,"minecraft:bookshelf":39,"minecraft:potatoes":104,"minecraft:deepslate_iron_ore":1,"minecraft:lantern":6,"minecraft:stone":911,"minecraft:podzol":1,"minecraft:glass_pane":1,"minecraft:soul_sand":10,"minecraft:infested_stone_bricks":1,"minecraft:polished_granite":1,"minecraft:oak_fence":9,"minecraft:crafting_table":7,"minecraft:short_grass":240,"minecraft:emerald_ore":3,"minecraft:warped_roots":3,"minecraft:lightning_rod":3,"minecraft:tall_grass":42,"minecraft:deepslate_gold_ore":7,"minecraft:diorite":9,"minecraft:blue_bed":1,"minecraft:spruce_stairs":37,"minecraft:coarse_dirt":2,"additional_lights:fire_for_standing_torch_s":2,"minecraft:sweet_berry_bush":6,"minecraft:spruce_log":150,"minecraft:bee_nest":1,"minecraft:coal_ore":1,"minecraft:gravel":51,"minecraft:cracked_stone_bricks":1,"minecraft:polished_andesite":17,"minecraft:stone_bricks":10,"minecraft:mossy_stone_bricks":3,"minecraft:deepslate_emerald_ore":8,"minecraft:infested_stone":2,"minecraft:fern":3},"minecraft:broken":{"minecraft:iron_shovel":3,"minecraft:stone_pickaxe":3,"minecraft:diamond_pickaxe":1,"minecraft:stone_axe":7,"minecraft:wooden_axe":4,"minecraft:stone_shovel":5,"minecraft:golden_axe":1,"minecraft:iron_axe":8,"minecraft:iron_pickaxe":9,"minecraft:iron_helmet":1},"minecraft:killed_by":{"minecraft:zombie_villager":1,"minecraft:wither_skeleton":2,"minecraft:creeper":1,"minecraft:silverfish":1,"minecraft:zombie":6,"minecraft:skeleton":7}},"DataVersion":3953}