{"stats":{"minecraft:used":{"minecraft:wooden_axe":23,"minecraft:torch":16,"minecraft:crafting_table":3,"minecraft:stone_pickaxe":16,"minecraft:birch_sapling":3,"minecraft:wooden_pickaxe":6,"minecraft:spruce_sapling":2},"minecraft:crafted":{"minecraft:torch":48,"minecraft:stone_axe":1,"minecraft:crafting_table":3,"minecraft:spruce_planks":24,"minecraft:stick":12,"minecraft:wooden_pickaxe":1,"minecraft:stone_pickaxe":1,"minecraft:wooden_axe":1},"minecraft:custom":{"minecraft:time_since_rest":12015,"minecraft:crouch_one_cm":3449,"minecraft:play_time":12015,"minecraft:sprint_one_cm":25529,"minecraft:damage_taken":70,"minecraft:walk_one_cm":34955,"minecraft:sneak_time":2686,"minecraft:walk_under_water_one_cm":194,"minecraft:jump":226,"minecraft:leave_game":2,"minecraft:time_since_death":12015,"minecraft:walk_on_water_one_cm":672,"minecraft:total_world_time":12015,"minecraft:swim_one_cm":3563,"minecraft:interact_with_crafting_table":5,"minecraft:fall_one_cm":5703,"minecraft:fly_one_cm":44669},"minecraft:picked_up":{"minecraft:birch_log":10,"minecraft:stick":8,"minecraft:granite":2,"minecraft:spruce_sapling":13,"minecraft:spruce_log":39,"minecraft:birch_sapling":3,"minecraft:coal":59,"minecraft:cobblestone":20},"minecraft:mined":{"minecraft:granite":2,"minecraft:short_grass":1,"minecraft:birch_log":4,"minecraft:spruce_leaves":2,"minecraft:spruce_log":22,"minecraft:stone":20}},"DataVersion":3953}