{"stats":{"minecraft:used":{"minecraft:oak_fence":3,"minecraft:iron_shovel":53,"minecraft:stone_shovel":771,"minecraft:chest":4,"minecraft:decorated_pot":7,"minecraft:spruce_planks":36,"minecraft:cooked_salmon":5,"minecraft:rotten_flesh":9,"minecraft:torch":198,"minecraft:dirt":116,"minecraft:spruce_stairs":5,"minecraft:carrot":48,"minecraft:wooden_axe":62,"minecraft:iron_axe":116,"minecraft:birch_sapling":3,"minecraft:iron_helmet":1,"minecraft:sweet_berries":59,"minecraft:oak_sapling":30,"minecraft:furnace":2,"minecraft:egg":4,"minecraft:potato":80,"minecraft:wheat_seeds":34,"minecraft:water_bucket":2,"minecraft:stone_pickaxe":115,"minecraft:baked_potato":13,"minecraft:wooden_pickaxe":19,"minecraft:blue_bed":1,"minecraft:golden_apple":1,"minecraft:crafting_table":8,"minecraft:white_bed":4,"minecraft:wooden_hoe":79,"minecraft:firework_rocket":4,"minecraft:apple":2,"minecraft:bread":6,"minecraft:map":1,"mcwroofs:spruce_roof":2,"minecraft:spruce_sapling":107,"minecraft:stone_axe":48,"minecraft:bucket":2,"minecraft:poisonous_potato":1},"minecraft:crafted":{"minecraft:oak_planks":20,"minecraft:stone_shovel":6,"minecraft:furnace":2,"minecraft:spruce_stairs":20,"minecraft:iron_axe":4,"minecraft:stone_pickaxe":5,"minecraft:chest":4,"minecraft:oak_fence":3,"minecraft:wheat":18,"minecraft:crafting_table":7,"minecraft:spruce_planks":904,"minecraft:wooden_pickaxe":2,"minecraft:baked_potato":17,"minecraft:iron_helmet":1,"minecraft:cooked_salmon":5,"minecraft:bucket":1,"minecraft:stone_axe":3,"minecraft:bread":9,"minecraft:air":0,"minecraft:wooden_hoe":2,"minecraft:iron_chestplate":2,"minecraft:stick":92,"minecraft:iron_ingot":39,"minecraft:wooden_axe":2,"minecraft:iron_shovel":1,"minecraft:white_bed":3,"minecraft:torch":220,"minecraft:shears":1},"minecraft:killed":{"minecraft:spider":1,"minecraft:salmon":5,"minecraft:wandering_trader":1,"minecraft:creeper":1,"minecraft:sheep":1,"minecraft:trader_llama":1,"minecraft:pillager":3,"minecraft:zombie":11},"minecraft:broken":{"minecraft:stone_pickaxe":1,"minecraft:iron_axe":3,"minecraft:stone_axe":2,"minecraft:wooden_axe":1,"minecraft:stone_shovel":5},"minecraft:custom":{"minecraft:mob_kills":26,"minecraft:interact_with_crafting_table":51,"minecraft:leave_game":16,"minecraft:time_since_death":108038,"minecraft:climb_one_cm":1377,"minecraft:sprint_one_cm":572311,"minecraft:walk_one_cm":777364,"minecraft:drop":7,"minecraft:talked_to_villager":3,"minecraft:play_time":257382,"minecraft:deaths":11,"minecraft:sneak_time":16208,"minecraft:walk_under_water_one_cm":14196,"minecraft:jump":3630,"minecraft:walk_on_water_one_cm":21017,"minecraft:total_world_time":257382,"minecraft:interact_with_furnace":30,"minecraft:sleep_in_bed":10,"minecraft:time_since_rest":15844,"minecraft:damage_taken":4521,"minecraft:damage_dealt":3675,"minecraft:swim_one_cm":201190,"minecraft:fly_one_cm":660273,"minecraft:open_chest":54,"minecraft:crouch_one_cm":10782,"minecraft:fall_one_cm":104097,"minecraft:horse_one_cm":404582},"minecraft:dropped":{"minecraft:oxeye_daisy":2,"minecraft:dirt":7,"minecraft:diorite":1,"minecraft:wooden_hoe":1,"minecraft:spruce_sapling":1,"minecraft:white_bed":1,"mcwroofs:spruce_roof":1},"minecraft:killed_by":{"minecraft:skeleton":2,"minecraft:zombie":5},"minecraft:picked_up":{"minecraft:wooden_axe":1,"minecraft:crafting_table":1,"minecraft:iron_chestplate":5,"minecraft:wheat":90,"minecraft:ominous_bottle":1,"minecraft:brown_mushroom":28,"minecraft:lead":1,"minecraft:wooden_pickaxe":4,"minecraft:string":9,"minecraft:iron_shovel":3,"minecraft:beetroot":10,"minecraft:bucket":3,"minecraft:spruce_planks":336,"minecraft:sugar_cane":19,"minecraft:birch_sapling":3,"minecraft:egg":22,"minecraft:stick":137,"minecraft:raw_iron":49,"minecraft:torch":57,"minecraft:diorite":1,"minecraft:carrot":84,"minecraft:rotten_flesh":13,"minecraft:stone_shovel":2,"minecraft:decorated_pot":8,"minecraft:shears":2,"minecraft:hay_block":55,"minecraft:saddle":6,"minecraft:mutton":1,"minecraft:cobblestone":173,"minecraft:white_wool":16,"minecraft:oxeye_daisy":50,"minecraft:birch_log":10,"minecraft:andesite":2,"minecraft:salmon":5,"minecraft:potato":136,"minecraft:oak_log":143,"minecraft:gunpowder":1,"minecraft:blue_bed":1,"minecraft:dirt":1832,"minecraft:wooden_hoe":1,"minecraft:white_banner":1,"minecraft:apple":5,"minecraft:wheat_seeds":95,"minecraft:iron_ingot":8,"minecraft:stone_pickaxe":7,"minecraft:pumpkin":2,"minecraft:sweet_berries":89,"minecraft:poisonous_potato":1,"minecraft:spruce_sapling":181,"minecraft:white_bed":5,"minecraft:spruce_log":1124,"minecraft:stone_axe":3,"minecraft:granite":8,"minecraft:iron_helmet":4,"mcwroofs:spruce_roof":3,"minecraft:emerald":5,"minecraft:oak_sapling":49,"minecraft:coal":291},"minecraft:mined":{"minecraft:spruce_planks":4,"minecraft:white_bed":3,"minecraft:granite":2,"minecraft:grass_block":636,"minecraft:decorated_pot":8,"minecraft:spruce_leaves":45,"minecraft:oxeye_daisy":3,"minecraft:large_fern":1,"minecraft:hay_block":11,"minecraft:spruce_sapling":11,"minecraft:carrots":15,"minecraft:pumpkin":2,"minecraft:potatoes":24,"minecraft:stone":88,"minecraft:brown_mushroom":5,"minecraft:crafting_table":1,"minecraft:torch":2,"minecraft:short_grass":161,"minecraft:tall_grass":13,"minecraft:sugar_cane":9,"minecraft:diorite":1,"minecraft:blue_bed":1,"minecraft:seagrass":1,"minecraft:birch_log":4,"minecraft:wheat":29,"minecraft:sweet_berry_bush":6,"minecraft:spruce_log":108,"minecraft:oak_log":7,"minecraft:coal_ore":1,"minecraft:dirt":194,"mcwroofs:spruce_roof":1,"minecraft:oak_leaves":15,"minecraft:fern":3}},"DataVersion":3953}