{"stats":{"minecraft:used":{"minecraft:oak_fence":3,"minecraft:iron_shovel":53,"minecraft:stone_shovel":771,"minecraft:chest":4,"minecraft:decorated_pot":7,"minecraft:spruce_planks":37,"minecraft:cooked_salmon":5,"minecraft:rotten_flesh":9,"minecraft:torch":198,"minecraft:dirt":116,"minecraft:spruce_stairs":5,"minecraft:carrot":54,"minecraft:wooden_axe":62,"minecraft:iron_axe":144,"minecraft:birch_sapling":3,"minecraft:iron_helmet":1,"minecraft:sweet_berries":59,"minecraft:oak_sapling":90,"minecraft:furnace":2,"minecraft:egg":5,"minecraft:potato":80,"minecraft:wheat_seeds":34,"minecraft:water_bucket":2,"minecraft:stone_pickaxe":135,"minecraft:baked_potato":17,"minecraft:wooden_pickaxe":19,"minecraft:blue_bed":1,"minecraft:golden_apple":1,"minecraft:crafting_table":8,"minecraft:white_bed":4,"minecraft:wooden_hoe":79,"minecraft:firework_rocket":4,"minecraft:apple":2,"minecraft:bread":6,"minecraft:map":1,"mcwroofs:spruce_roof":2,"minecraft:spruce_sapling":128,"minecraft:stone_axe":48,"minecraft:bucket":2,"minecraft:poisonous_potato":1},"minecraft:crafted":{"minecraft:oak_planks":20,"minecraft:stone_shovel":6,"minecraft:furnace":2,"minecraft:spruce_stairs":20,"minecraft:iron_axe":4,"minecraft:stone_pickaxe":6,"minecraft:chest":4,"minecraft:oak_fence":3,"minecraft:wheat":18,"minecraft:crafting_table":7,"minecraft:spruce_planks":904,"minecraft:wooden_pickaxe":2,"minecraft:baked_potato":17,"minecraft:iron_helmet":1,"minecraft:cooked_salmon":5,"minecraft:bucket":1,"minecraft:stone_axe":3,"minecraft:bread":9,"minecraft:air":0,"minecraft:wooden_hoe":2,"minecraft:iron_chestplate":2,"minecraft:stick":92,"minecraft:iron_ingot":39,"minecraft:wooden_axe":2,"minecraft:iron_shovel":1,"minecraft:white_bed":3,"minecraft:torch":220,"minecraft:shears":1},"minecraft:killed":{"minecraft:spider":1,"minecraft:salmon":5,"minecraft:wandering_trader":1,"minecraft:creeper":1,"minecraft:sheep":1,"minecraft:trader_llama":1,"minecraft:pillager":3,"minecraft:zombie":11},"minecraft:broken":{"minecraft:stone_pickaxe":2,"minecraft:iron_axe":4,"minecraft:stone_axe":2,"minecraft:wooden_axe":1,"minecraft:stone_shovel":5},"minecraft:custom":{"minecraft:mob_kills":26,"minecraft:interact_with_crafting_table":53,"minecraft:leave_game":16,"minecraft:time_since_death":132038,"minecraft:climb_one_cm":1377,"minecraft:sprint_one_cm":692437,"minecraft:walk_one_cm":838965,"minecraft:drop":7,"minecraft:talked_to_villager":3,"minecraft:play_time":281382,"minecraft:deaths":11,"minecraft:sneak_time":17452,"minecraft:walk_under_water_one_cm":14196,"minecraft:jump":4358,"minecraft:walk_on_water_one_cm":21017,"minecraft:total_world_time":281382,"minecraft:interact_with_furnace":30,"minecraft:sleep_in_bed":12,"minecraft:time_since_rest":0,"minecraft:damage_taken":4671,"minecraft:damage_dealt":3675,"minecraft:swim_one_cm":201190,"minecraft:fly_one_cm":853128,"minecraft:open_chest":57,"minecraft:crouch_one_cm":11141,"minecraft:fall_one_cm":126373,"minecraft:horse_one_cm":404582},"minecraft:dropped":{"minecraft:oxeye_daisy":2,"minecraft:dirt":7,"minecraft:diorite":1,"minecraft:wooden_hoe":1,"minecraft:spruce_sapling":1,"minecraft:white_bed":1,"mcwroofs:spruce_roof":1},"minecraft:killed_by":{"minecraft:skeleton":2,"minecraft:zombie":5},"minecraft:picked_up":{"minecraft:wooden_axe":1,"minecraft:crafting_table":1,"minecraft:iron_chestplate":5,"minecraft:wheat":90,"minecraft:ominous_bottle":1,"minecraft:brown_mushroom":28,"minecraft:lead":1,"minecraft:wooden_pickaxe":4,"minecraft:string":9,"minecraft:iron_shovel":3,"minecraft:beetroot":10,"minecraft:bucket":3,"minecraft:spruce_planks":338,"minecraft:sugar_cane":19,"minecraft:birch_sapling":3,"minecraft:egg":23,"minecraft:stick":190,"minecraft:raw_iron":49,"minecraft:torch":57,"minecraft:diorite":1,"minecraft:carrot":84,"minecraft:rotten_flesh":13,"minecraft:stone_shovel":2,"minecraft:decorated_pot":8,"minecraft:shears":2,"minecraft:hay_block":55,"minecraft:saddle":6,"minecraft:mutton":1,"minecraft:cobblestone":191,"minecraft:white_wool":16,"minecraft:oxeye_daisy":50,"minecraft:birch_log":10,"minecraft:andesite":2,"minecraft:salmon":5,"minecraft:potato":136,"minecraft:oak_log":287,"minecraft:gunpowder":1,"minecraft:blue_bed":1,"minecraft:dirt":1833,"minecraft:wooden_hoe":1,"minecraft:white_banner":1,"minecraft:apple":18,"minecraft:wheat_seeds":96,"minecraft:iron_ingot":8,"minecraft:stone_pickaxe":7,"minecraft:pumpkin":2,"minecraft:sweet_berries":89,"minecraft:poisonous_potato":1,"minecraft:spruce_sapling":187,"minecraft:white_bed":5,"minecraft:spruce_log":1141,"minecraft:stone_axe":3,"minecraft:granite":8,"minecraft:iron_helmet":4,"mcwroofs:spruce_roof":3,"minecraft:emerald":5,"minecraft:oak_sapling":120,"minecraft:coal":291},"minecraft:mined":{"minecraft:spruce_planks":6,"minecraft:white_bed":3,"minecraft:granite":2,"minecraft:grass_block":636,"minecraft:decorated_pot":8,"minecraft:spruce_leaves":48,"minecraft:oxeye_daisy":3,"minecraft:large_fern":1,"minecraft:hay_block":11,"minecraft:spruce_sapling":12,"minecraft:carrots":15,"minecraft:pumpkin":2,"minecraft:potatoes":24,"minecraft:stone":108,"minecraft:podzol":1,"minecraft:brown_mushroom":5,"minecraft:crafting_table":1,"minecraft:torch":2,"minecraft:short_grass":166,"minecraft:tall_grass":16,"minecraft:sugar_cane":9,"minecraft:diorite":1,"minecraft:blue_bed":1,"minecraft:seagrass":1,"minecraft:birch_log":4,"minecraft:wheat":29,"minecraft:sweet_berry_bush":6,"minecraft:spruce_log":108,"minecraft:oak_log":16,"minecraft:coal_ore":1,"minecraft:dirt":194,"mcwroofs:spruce_roof":1,"minecraft:oak_leaves":31,"minecraft:fern":3}},"DataVersion":3953}