{"stats":{"minecraft:used":{"minecraft:oak_fence":3,"minecraft:iron_shovel":53,"minecraft:stone_shovel":771,"minecraft:spruce_planks":30,"minecraft:decorated_pot":7,"minecraft:chest":4,"minecraft:cooked_salmon":5,"minecraft:rotten_flesh":9,"minecraft:torch":198,"minecraft:dirt":103,"minecraft:spruce_stairs":5,"minecraft:carrot":29,"minecraft:wooden_axe":62,"minecraft:iron_axe":109,"minecraft:birch_sapling":3,"minecraft:iron_helmet":1,"minecraft:sweet_berries":59,"minecraft:furnace":2,"minecraft:oak_sapling":19,"minecraft:potato":44,"minecraft:wheat_seeds":34,"minecraft:water_bucket":2,"minecraft:stone_pickaxe":115,"minecraft:baked_potato":6,"minecraft:wooden_pickaxe":19,"minecraft:blue_bed":1,"minecraft:golden_apple":1,"minecraft:crafting_table":8,"minecraft:white_bed":4,"minecraft:wooden_hoe":64,"minecraft:apple":2,"minecraft:bread":6,"minecraft:map":1,"minecraft:spruce_sapling":103,"minecraft:stone_axe":39,"minecraft:bucket":2,"minecraft:poisonous_potato":1},"minecraft:crafted":{"minecraft:oak_planks":20,"minecraft:stone_shovel":6,"minecraft:furnace":2,"minecraft:spruce_stairs":20,"minecraft:iron_axe":3,"minecraft:stone_pickaxe":5,"minecraft:chest":4,"minecraft:oak_fence":3,"minecraft:wheat":18,"minecraft:crafting_table":7,"minecraft:spruce_planks":288,"minecraft:wooden_pickaxe":2,"minecraft:baked_potato":17,"minecraft:iron_helmet":1,"minecraft:cooked_salmon":5,"minecraft:bucket":1,"minecraft:stone_axe":1,"minecraft:bread":9,"minecraft:air":0,"minecraft:wooden_hoe":2,"minecraft:iron_chestplate":2,"minecraft:stick":92,"minecraft:iron_ingot":35,"minecraft:wooden_axe":2,"minecraft:iron_shovel":1,"minecraft:white_bed":3,"minecraft:torch":220,"minecraft:shears":1},"minecraft:killed":{"minecraft:spider":1,"minecraft:salmon":5,"minecraft:wandering_trader":1,"minecraft:creeper":1,"minecraft:sheep":1,"minecraft:trader_llama":1,"minecraft:pillager":3,"minecraft:zombie":11},"minecraft:broken":{"minecraft:stone_pickaxe":1,"minecraft:iron_axe":2,"minecraft:wooden_axe":1,"minecraft:stone_shovel":5},"minecraft:custom":{"minecraft:mob_kills":26,"minecraft:interact_with_crafting_table":44,"minecraft:leave_game":15,"minecraft:time_since_death":84234,"minecraft:climb_one_cm":1377,"minecraft:sprint_one_cm":522452,"minecraft:walk_one_cm":715011,"minecraft:drop":5,"minecraft:talked_to_villager":3,"minecraft:play_time":233578,"minecraft:deaths":11,"minecraft:sneak_time":9783,"minecraft:walk_under_water_one_cm":13957,"minecraft:jump":3380,"minecraft:walk_on_water_one_cm":19618,"minecraft:total_world_time":233578,"minecraft:interact_with_furnace":27,"minecraft:sleep_in_bed":9,"minecraft:time_since_rest":38112,"minecraft:damage_taken":4334,"minecraft:damage_dealt":3665,"minecraft:swim_one_cm":201190,"minecraft:fly_one_cm":618564,"minecraft:open_chest":42,"minecraft:crouch_one_cm":10082,"minecraft:fall_one_cm":97584,"minecraft:horse_one_cm":404582},"minecraft:dropped":{"minecraft:dirt":7,"minecraft:diorite":1,"minecraft:wooden_hoe":1,"minecraft:spruce_sapling":1,"minecraft:white_bed":1},"minecraft:killed_by":{"minecraft:skeleton":2,"minecraft:zombie":5},"minecraft:picked_up":{"minecraft:wooden_axe":1,"minecraft:iron_chestplate":5,"minecraft:crafting_table":1,"minecraft:wheat":90,"minecraft:ominous_bottle":1,"minecraft:lead":1,"minecraft:brown_mushroom":28,"minecraft:wooden_pickaxe":4,"minecraft:string":9,"minecraft:iron_shovel":3,"minecraft:beetroot":10,"minecraft:bucket":3,"minecraft:spruce_planks":328,"minecraft:sugar_cane":19,"minecraft:birch_sapling":3,"minecraft:egg":22,"minecraft:stick":85,"minecraft:raw_iron":49,"minecraft:torch":57,"minecraft:diorite":1,"minecraft:carrot":40,"minecraft:rotten_flesh":13,"minecraft:stone_shovel":2,"minecraft:decorated_pot":8,"minecraft:shears":2,"minecraft:hay_block":55,"minecraft:saddle":6,"minecraft:mutton":1,"minecraft:cobblestone":173,"minecraft:white_wool":16,"minecraft:oxeye_daisy":50,"minecraft:birch_log":10,"minecraft:salmon":5,"minecraft:andesite":2,"minecraft:potato":97,"minecraft:oak_log":48,"minecraft:gunpowder":1,"minecraft:blue_bed":1,"minecraft:dirt":1819,"minecraft:wooden_hoe":1,"minecraft:white_banner":1,"minecraft:apple":2,"minecraft:wheat_seeds":95,"minecraft:iron_ingot":8,"minecraft:stone_pickaxe":7,"minecraft:pumpkin":2,"minecraft:sweet_berries":89,"minecraft:poisonous_potato":1,"minecraft:spruce_sapling":155,"minecraft:white_bed":5,"minecraft:spruce_log":667,"minecraft:stone_axe":3,"minecraft:iron_helmet":4,"minecraft:granite":8,"minecraft:emerald":5,"minecraft:oak_sapling":19,"minecraft:coal":291},"minecraft:mined":{"minecraft:spruce_planks":2,"minecraft:white_bed":3,"minecraft:granite":2,"minecraft:grass_block":631,"minecraft:decorated_pot":8,"minecraft:spruce_leaves":45,"minecraft:oxeye_daisy":3,"minecraft:large_fern":1,"minecraft:hay_block":11,"minecraft:spruce_sapling":11,"minecraft:carrots":7,"minecraft:pumpkin":2,"minecraft:potatoes":16,"minecraft:stone":88,"minecraft:brown_mushroom":5,"minecraft:crafting_table":1,"minecraft:torch":2,"minecraft:short_grass":160,"minecraft:tall_grass":13,"minecraft:sugar_cane":9,"minecraft:diorite":1,"minecraft:blue_bed":1,"minecraft:seagrass":1,"minecraft:birch_log":4,"minecraft:wheat":29,"minecraft:sweet_berry_bush":6,"minecraft:spruce_log":108,"minecraft:oak_log":1,"minecraft:coal_ore":1,"minecraft:dirt":194,"minecraft:oak_leaves":4,"minecraft:fern":3}},"DataVersion":3953}