{"stats":{"minecraft:used":{"minecraft:wheat_seeds":10,"minecraft:water_bucket":1,"minecraft:stone_shovel":771,"minecraft:stone_pickaxe":102,"minecraft:decorated_pot":7,"minecraft:chest":2,"minecraft:wooden_pickaxe":19,"minecraft:cooked_salmon":5,"minecraft:blue_bed":1,"minecraft:rotten_flesh":9,"minecraft:torch":198,"minecraft:golden_apple":1,"minecraft:dirt":53,"minecraft:crafting_table":8,"minecraft:carrot":2,"minecraft:white_bed":3,"minecraft:wooden_axe":62,"minecraft:wooden_hoe":16,"minecraft:bread":1,"minecraft:birch_sapling":3,"minecraft:spruce_sapling":2,"minecraft:stone_axe":39,"minecraft:sweet_berries":47,"minecraft:furnace":2,"minecraft:bucket":1},"minecraft:crafted":{"minecraft:stone_shovel":6,"minecraft:crafting_table":7,"minecraft:spruce_planks":276,"minecraft:wooden_pickaxe":2,"minecraft:iron_helmet":1,"minecraft:furnace":2,"minecraft:cooked_salmon":5,"minecraft:bucket":1,"minecraft:stone_axe":1,"minecraft:air":0,"minecraft:wooden_hoe":1,"minecraft:iron_chestplate":2,"minecraft:stick":80,"minecraft:iron_ingot":32,"minecraft:stone_pickaxe":5,"minecraft:wooden_axe":2,"minecraft:chest":2,"minecraft:white_bed":3,"minecraft:torch":220,"minecraft:shears":1},"minecraft:killed":{"minecraft:salmon":5,"minecraft:spider":1,"minecraft:creeper":1,"minecraft:sheep":1,"minecraft:zombie":10},"minecraft:custom":{"minecraft:interact_with_furnace":18,"minecraft:mob_kills":20,"minecraft:interact_with_crafting_table":31,"minecraft:leave_game":10,"minecraft:time_since_death":13928,"minecraft:sleep_in_bed":6,"minecraft:time_since_rest":13989,"minecraft:sprint_one_cm":315886,"minecraft:damage_taken":2865,"minecraft:walk_one_cm":408446,"minecraft:drop":2,"minecraft:damage_dealt":2556,"minecraft:talked_to_villager":1,"minecraft:swim_one_cm":198019,"minecraft:fly_one_cm":372230,"minecraft:open_chest":13,"minecraft:crouch_one_cm":5295,"minecraft:play_time":139048,"minecraft:deaths":7,"minecraft:sneak_time":4505,"minecraft:walk_under_water_one_cm":10680,"minecraft:jump":2193,"minecraft:walk_on_water_one_cm":16019,"minecraft:total_world_time":139048,"minecraft:fall_one_cm":63366},"minecraft:broken":{"minecraft:stone_pickaxe":1,"minecraft:wooden_axe":1,"minecraft:stone_shovel":5},"minecraft:dropped":{"minecraft:white_bed":1,"minecraft:diorite":1},"minecraft:killed_by":{"minecraft:zombie":4},"minecraft:picked_up":{"minecraft:wooden_axe":1,"minecraft:birch_log":10,"minecraft:crafting_table":1,"minecraft:iron_chestplate":1,"minecraft:wheat":4,"minecraft:salmon":5,"minecraft:brown_mushroom":8,"minecraft:wooden_pickaxe":4,"minecraft:potato":2,"minecraft:gunpowder":1,"minecraft:blue_bed":1,"minecraft:dirt":1707,"minecraft:wooden_hoe":1,"minecraft:string":9,"minecraft:beetroot":2,"minecraft:wheat_seeds":45,"minecraft:spruce_planks":224,"minecraft:iron_ingot":8,"minecraft:stone_pickaxe":2,"minecraft:sugar_cane":19,"minecraft:birch_sapling":3,"minecraft:egg":6,"minecraft:stick":11,"minecraft:raw_iron":42,"minecraft:pumpkin":2,"minecraft:sweet_berries":62,"minecraft:torch":51,"minecraft:spruce_sapling":50,"minecraft:diorite":1,"minecraft:white_bed":4,"minecraft:spruce_log":102,"minecraft:rotten_flesh":13,"minecraft:stone_shovel":2,"minecraft:decorated_pot":8,"minecraft:stone_axe":3,"minecraft:shears":2,"minecraft:hay_block":11,"minecraft:granite":8,"minecraft:emerald":1,"minecraft:mutton":1,"minecraft:coal":261,"minecraft:white_wool":16,"minecraft:cobblestone":170,"minecraft:oxeye_daisy":48},"minecraft:mined":{"minecraft:brown_mushroom":5,"minecraft:white_bed":2,"minecraft:crafting_table":1,"minecraft:torch":1,"minecraft:granite":2,"minecraft:short_grass":145,"minecraft:grass_block":583,"minecraft:decorated_pot":8,"minecraft:tall_grass":7,"minecraft:spruce_leaves":13,"minecraft:sugar_cane":9,"minecraft:diorite":1,"minecraft:oxeye_daisy":1,"minecraft:blue_bed":1,"minecraft:large_fern":1,"minecraft:seagrass":1,"minecraft:hay_block":11,"minecraft:birch_log":4,"minecraft:wheat":4,"minecraft:sweet_berry_bush":1,"minecraft:spruce_log":46,"minecraft:pumpkin":2,"minecraft:coal_ore":1,"minecraft:dirt":187,"minecraft:stone":85,"minecraft:fern":3}},"DataVersion":3953}