{"stats":{"minecraft:used":{"minecraft:stone_shovel":771,"minecraft:stone_pickaxe":70,"minecraft:chest":1,"minecraft:wooden_pickaxe":15,"minecraft:rotten_flesh":5,"minecraft:torch":74,"minecraft:dirt":49,"minecraft:crafting_table":7,"minecraft:white_bed":3,"minecraft:wooden_axe":43,"minecraft:birch_sapling":3,"minecraft:spruce_sapling":2,"minecraft:stone_axe":39,"minecraft:furnace":2},"minecraft:crafted":{"minecraft:stone_shovel":6,"minecraft:crafting_table":6,"minecraft:spruce_planks":240,"minecraft:wooden_pickaxe":2,"minecraft:furnace":2,"minecraft:stone_axe":1,"minecraft:air":0,"minecraft:iron_chestplate":1,"minecraft:stick":48,"minecraft:iron_ingot":10,"minecraft:stone_pickaxe":4,"minecraft:wooden_axe":2,"minecraft:chest":1,"minecraft:white_bed":3,"minecraft:torch":96,"minecraft:shears":1},"minecraft:killed":{"minecraft:salmon":5,"minecraft:spider":1,"minecraft:creeper":1,"minecraft:sheep":1,"minecraft:zombie":7},"minecraft:broken":{"minecraft:stone_shovel":5},"minecraft:custom":{"minecraft:interact_with_furnace":5,"minecraft:mob_kills":17,"minecraft:interact_with_crafting_table":21,"minecraft:leave_game":7,"minecraft:time_since_death":6653,"minecraft:sleep_in_bed":3,"minecraft:time_since_rest":3803,"minecraft:sprint_one_cm":101838,"minecraft:damage_taken":1274,"minecraft:walk_one_cm":249256,"minecraft:drop":1,"minecraft:damage_dealt":1968,"minecraft:swim_one_cm":16667,"minecraft:fly_one_cm":143416,"minecraft:open_chest":2,"minecraft:crouch_one_cm":3930,"minecraft:play_time":80286,"minecraft:deaths":4,"minecraft:sneak_time":3326,"minecraft:walk_under_water_one_cm":5425,"minecraft:jump":936,"minecraft:walk_on_water_one_cm":3259,"minecraft:total_world_time":80286,"minecraft:fall_one_cm":24146},"minecraft:dropped":{"minecraft:white_bed":1},"minecraft:killed_by":{"minecraft:zombie":3},"minecraft:picked_up":{"minecraft:birch_log":10,"minecraft:crafting_table":1,"minecraft:iron_chestplate":1,"minecraft:salmon":5,"minecraft:wooden_pickaxe":3,"minecraft:gunpowder":1,"minecraft:string":8,"minecraft:dirt":1697,"minecraft:wheat_seeds":25,"minecraft:spruce_planks":218,"minecraft:iron_ingot":8,"minecraft:stone_pickaxe":1,"minecraft:birch_sapling":3,"minecraft:stick":10,"minecraft:raw_iron":20,"minecraft:torch":50,"minecraft:spruce_sapling":50,"minecraft:white_bed":4,"minecraft:spruce_log":93,"minecraft:rotten_flesh":11,"minecraft:stone_shovel":2,"minecraft:stone_axe":3,"minecraft:shears":2,"minecraft:granite":8,"minecraft:mutton":1,"minecraft:coal":123,"minecraft:white_wool":16,"minecraft:cobblestone":155,"minecraft:oxeye_daisy":48},"minecraft:mined":{"minecraft:white_bed":2,"minecraft:crafting_table":1,"minecraft:granite":2,"minecraft:short_grass":33,"minecraft:grass_block":579,"minecraft:tall_grass":7,"minecraft:spruce_leaves":3,"minecraft:oxeye_daisy":1,"minecraft:birch_log":4,"minecraft:spruce_log":36,"minecraft:dirt":185,"minecraft:stone":79}},"DataVersion":3953}