{"stats":{"minecraft:mined":{"minecraft:vine":1,"minecraft:jungle_log":25},"minecraft:custom":{"minecraft:jump":40,"minecraft:time_since_rest":3630,"minecraft:sprint_one_cm":1181,"minecraft:play_time":3630,"minecraft:damage_taken":40,"minecraft:time_since_death":3630,"minecraft:walk_one_cm":11847,"minecraft:climb_one_cm":2402,"minecraft:total_world_time":3630,"minecraft:interact_with_crafting_table":3,"minecraft:fall_one_cm":827,"minecraft:fly_one_cm":568},"minecraft:picked_up":{"minecraft:jungle_log":23},"minecraft:crafted":{"minecraft:crafting_table":1,"minecraft:stick":4,"minecraft:jungle_planks":16,"minecraft:wooden_axe":1},"minecraft:used":{"minecraft:jungle_log":3,"minecraft:wooden_axe":21,"minecraft:crafting_table":1}},"DataVersion":3953}