{"stats":{"minecraft:killed":{"minecraft:pillager":2},"minecraft:broken":{"minecraft:stone_pickaxe":1,"minecraft:wooden_axe":1,"minecraft:flint_and_steel":1},"minecraft:dropped":{"minecraft:flint_and_steel":1},"minecraft:mined":{"minecraft:dark_oak_leaves":2,"minecraft:jungle_leaves":3,"minecraft:dark_oak_log":40,"minecraft:crafting_table":1,"minecraft:granite":2,"minecraft:short_grass":7,"minecraft:grass_block":9,"minecraft:melon":17,"minecraft:decorated_pot":6,"minecraft:jungle_log":74,"minecraft:copper_ore":3,"minecraft:sugar_cane":5,"minecraft:rooted_dirt":1,"minecraft:hay_block":1,"minecraft:tall_seagrass":1,"additional_lights:fire_for_standing_torch_s":2,"minecraft:fire":2,"minecraft:jungle_fence":1,"minecraft:coal_ore":18,"minecraft:vine":50,"minecraft:cocoa":1,"minecraft:gravel":59,"minecraft:sand":2,"minecraft:dirt":14,"minecraft:bamboo":2,"minecraft:stone":110,"minecraft:fern":7},"minecraft:killed_by":{"minecraft:spider":1,"minecraft:zombie":1,"minecraft:pillager":1,"minecraft:drowned":1},"minecraft:custom":{"minecraft:interact_with_furnace":2,"minecraft:mob_kills":2,"minecraft:animals_bred":1,"minecraft:interact_with_crafting_table":22,"minecraft:leave_game":2,"minecraft:time_since_death":8516,"minecraft:sleep_in_bed":8,"minecraft:climb_one_cm":14207,"minecraft:time_since_rest":8567,"minecraft:sprint_one_cm":261392,"minecraft:damage_taken":3075,"minecraft:walk_one_cm":236179,"minecraft:drop":1,"minecraft:damage_dealt":448,"minecraft:swim_one_cm":197418,"minecraft:talked_to_villager":4,"minecraft:fly_one_cm":423417,"minecraft:open_chest":18,"minecraft:crouch_one_cm":4119,"minecraft:play_time":93009,"minecraft:deaths":9,"minecraft:sneak_time":3438,"minecraft:walk_under_water_one_cm":29791,"minecraft:jump":1956,"minecraft:walk_on_water_one_cm":11280,"minecraft:interact_with_smoker":1,"minecraft:total_world_time":93009,"minecraft:fall_one_cm":64166},"minecraft:crafted":{"minecraft:stone_shovel":2,"minecraft:crafting_table":5,"minecraft:wooden_pickaxe":2,"minecraft:furnace":1,"additional_lights:fire_for_standing_torch_s":1,"minecraft:stone_axe":2,"minecraft:air":0,"minecraft:jungle_planks":88,"minecraft:flint_and_steel":1,"minecraft:melon_seeds":3,"minecraft:stick":40,"minecraft:iron_ingot":3,"minecraft:stone_pickaxe":4,"minecraft:wooden_axe":1,"minecraft:stone_sword":1,"minecraft:chest":1,"minecraft:torch":80,"minecraft:wheat":9},"minecraft:used":{"minecraft:flint_and_steel":64,"minecraft:stone_shovel":61,"minecraft:stone_pickaxe":118,"minecraft:jungle_fence":1,"minecraft:chest":1,"minecraft:decorated_pot":6,"minecraft:wooden_pickaxe":28,"minecraft:rotten_flesh":1,"minecraft:torch":17,"minecraft:glow_berries":2,"minecraft:dirt":4,"minecraft:crafting_table":6,"minecraft:jungle_planks":26,"minecraft:carrot":6,"minecraft:wooden_axe":62,"minecraft:melon_slice":54,"minecraft:jungle_log":6,"minecraft:gravel":55,"minecraft:stone_axe":52,"additional_lights:fire_for_standing_torch_s":3,"minecraft:furnace":1},"minecraft:picked_up":{"minecraft:cocoa_beans":48,"minecraft:crafting_table":1,"minecraft:wheat":7,"minecraft:jungle_log":229,"minecraft:jungle_fence":2,"minecraft:wooden_pickaxe":5,"minecraft:potato":20,"minecraft:flint":3,"additional_lights:fire_for_standing_torch_s":2,"minecraft:dirt":31,"minecraft:raw_copper":112,"minecraft:flint_and_steel":3,"minecraft:iron_ingot":4,"minecraft:stone_pickaxe":3,"minecraft:jungle_sapling":8,"minecraft:bamboo":75,"minecraft:melon_slice":293,"minecraft:sugar_cane":72,"minecraft:dark_oak_sapling":8,"minecraft:stick":14,"minecraft:raw_iron":8,"minecraft:torch":45,"minecraft:gravel":58,"minecraft:jungle_planks":30,"minecraft:sand":10,"minecraft:carrot":6,"minecraft:dark_oak_log":80,"minecraft:stone_shovel":2,"minecraft:rotten_flesh":1,"minecraft:decorated_pot":6,"minecraft:stone_axe":2,"minecraft:hay_block":1,"minecraft:granite":4,"minecraft:rooted_dirt":1,"minecraft:melon_seeds":2,"minecraft:glow_berries":2,"minecraft:coal":401,"minecraft:cobblestone":113}},"DataVersion":3953}