{"stats":{"minecraft:used":{"minecraft:iron_shovel":929,"minecraft:spruce_slab":186,"minecraft:ladder":148,"minecraft:chest":67,"minecraft:decorated_pot":7,"minecraft:iron_sword":70,"minecraft:rotten_flesh":12,"minecraft:iron_chestplate":1,"minecraft:carrot":91,"minecraft:deepslate_tile_slab":48,"minecraft:tuff":9,"minecraft:stripped_spruce_log":1106,"minecraft:polished_deepslate_stairs":377,"minecraft:spruce_boat":3,"minecraft:lava_bucket":2,"minecraft:black_stained_glass_pane":114,"minecraft:lantern":27,"minecraft:birch_sapling":3,"minecraft:iron_helmet":1,"minecraft:stone_brick_stairs":11,"minecraft:stone_bricks":140,"minecraft:sweet_berries":61,"minecraft:oak_sapling":90,"minecraft:furnace":20,"minecraft:cooked_cod":1,"minecraft:egg":7,"minecraft:potato":132,"minecraft:spruce_door":2,"minecraft:stone_pickaxe":316,"minecraft:oak_planks":9,"minecraft:wooden_pickaxe":19,"minecraft:blue_bed":1,"minecraft:golden_apple":1,"minecraft:dark_oak_trapdoor":2,"minecraft:sand":1,"minecraft:shears":35,"minecraft:lightning_rod":4,"minecraft:firework_rocket":4,"minecraft:bread":24,"mcwroofs:spruce_roof":2,"minecraft:lectern":8,"minecraft:polished_granite":17,"minecraft:andesite":3,"minecraft:poisonous_potato":1,"minecraft:chain":15,"minecraft:oak_boat":1,"minecraft:oak_fence":9,"minecraft:oak_trapdoor":4,"minecraft:stone_shovel":771,"minecraft:spruce_planks":510,"minecraft:cooked_salmon":5,"minecraft:oak_door":5,"minecraft:torch":715,"minecraft:dirt":806,"minecraft:brewing_stand":1,"minecraft:spyglass":22,"minecraft:white_carpet":2,"minecraft:spruce_stairs":267,"minecraft:spruce_fence":117,"minecraft:dark_oak_planks":1,"minecraft:wooden_axe":65,"minecraft:stone_brick_slab":9,"minecraft:iron_axe":845,"minecraft:golden_carrot":5,"minecraft:black_stained_glass":24,"minecraft:deepslate_tile_stairs":71,"minecraft:cooked_beef":3,"minecraft:cobbled_deepslate":61,"minecraft:golden_axe":30,"minecraft:wheat_seeds":34,"minecraft:cooked_mutton":4,"minecraft:water_bucket":27,"minecraft:polished_andesite":90,"minecraft:baked_potato":196,"minecraft:spruce_sign":15,"minecraft:cauldron":1,"minecraft:stonecutter":3,"minecraft:polished_deepslate_slab":117,"minecraft:oak_slab":6,"minecraft:crafting_table":20,"minecraft:red_bed":4,"minecraft:white_bed":7,"minecraft:campfire":19,"minecraft:spruce_log":48,"minecraft:dark_oak_door":4,"minecraft:deepslate_tile_wall":32,"minecraft:oak_log":492,"minecraft:wooden_hoe":79,"minecraft:diamond_pickaxe":1348,"minecraft:apple":5,"minecraft:oxeye_daisy":1,"minecraft:iron_pickaxe":2206,"minecraft:map":2,"sawmill:sawmill":3,"minecraft:spruce_trapdoor":148,"minecraft:spruce_sapling":144,"minecraft:stone_axe":136,"minecraft:cobblestone":198,"additional_lights:fire_for_standing_torch_s":2,"minecraft:bucket":30,"minecraft:glass_pane":62},"minecraft:crafted":{"minecraft:black_dye":9,"minecraft:oak_planks":236,"minecraft:chain":14,"minecraft:lightning_rod":1,"minecraft:stone":160,"minecraft:bookshelf":8,"minecraft:dark_oak_door":3,"minecraft:glass":96,"minecraft:iron_boots":1,"minecraft:chest":28,"minecraft:rail":16,"minecraft:oak_fence":6,"minecraft:golden_axe":5,"minecraft:oak_slab":12,"minecraft:deepslate":72,"minecraft:crafting_table":14,"minecraft:spruce_planks":2868,"minecraft:iron_helmet":1,"minecraft:wooden_pickaxe":2,"minecraft:baked_potato":191,"minecraft:spruce_door":3,"minecraft:campfire":19,"minecraft:stone_brick_stairs":10,"minecraft:spruce_trapdoor":144,"minecraft:lectern":8,"minecraft:diamond_pickaxe":1,"minecraft:charcoal":7,"minecraft:wooden_hoe":2,"minecraft:iron_chestplate":2,"minecraft:book":4,"minecraft:paper":12,"minecraft:stick":580,"minecraft:iron_ingot":133,"minecraft:iron_pickaxe":12,"minecraft:shears":2,"minecraft:deepslate_tile_slab":42,"sawmill:sawmill":1,"minecraft:oak_door":3,"minecraft:stone_shovel":6,"minecraft:iron_nugget":360,"minecraft:furnace":11,"minecraft:dark_oak_trapdoor":2,"minecraft:white_carpet":12,"minecraft:oak_trapdoor":4,"minecraft:glass_pane":64,"minecraft:lantern":21,"minecraft:spruce_stairs":22,"minecraft:iron_axe":7,"minecraft:ladder":162,"minecraft:spruce_slab":78,"minecraft:stone_pickaxe":7,"minecraft:dark_oak_planks":16,"minecraft:wheat":18,"minecraft:red_dye":4,"minecraft:spruce_sign":15,"minecraft:iron_sword":1,"minecraft:red_bed":2,"minecraft:cooked_salmon":5,"minecraft:bucket":1,"minecraft:stone_axe":8,"minecraft:bread":9,"minecraft:air":0,"minecraft:black_stained_glass":72,"minecraft:oak_boat":1,"minecraft:wooden_axe":6,"minecraft:black_stained_glass_pane":128,"minecraft:iron_shovel":5,"minecraft:iron_leggings":1,"minecraft:stonecutter":1,"minecraft:white_bed":3,"minecraft:torch":728},"minecraft:picked_up":{"minecraft:wooden_axe":1,"minecraft:iron_chestplate":18,"minecraft:wheat":148,"minecraft:lead":9,"minecraft:potion":3,"minecraft:enchanted_book":1,"minecraft:stone_brick_stairs":1,"minecraft:brewing_stand":2,"minecraft:amethyst_block":12,"minecraft:string":21,"minecraft:dark_oak_trapdoor":3,"minecraft:iron_leggings":10,"minecraft:beetroot":10,"minecraft:cobbled_deepslate":1324,"minecraft:bucket":15,"minecraft:spruce_planks":1149,"minecraft:calcite":7,"minecraft:iron_pickaxe":17,"minecraft:enchanted_golden_apple":4,"minecraft:dark_oak_door":3,"minecraft:iron_boots":10,"minecraft:furnace":19,"minecraft:stick":984,"minecraft:polished_deepslate_stairs":269,"minecraft:oak_fence":8,"minecraft:torch":698,"minecraft:spruce_stairs":311,"minecraft:golden_axe":5,"minecraft:lightning_rod":3,"minecraft:pointed_dripstone":4,"minecraft:diorite":17,"minecraft:deepslate_tile_stairs":155,"minecraft:cauldron":2,"minecraft:honey_bottle":2,"minecraft:rotten_flesh":43,"minecraft:deepslate_brick_stairs":5,"minecraft:iron_bars":4,"minecraft:cobblestone":1508,"minecraft:birch_log":15,"minecraft:water_bucket":1,"minecraft:andesite":595,"minecraft:potato":452,"minecraft:flint":7,"additional_lights:fire_for_standing_torch_s":2,"minecraft:tuff":135,"minecraft:lantern":24,"minecraft:map":4,"minecraft:lapis_lazuli":200,"minecraft:dirt":4106,"minecraft:polished_granite":1,"minecraft:name_tag":1,"minecraft:bone":19,"minecraft:stonecutter":3,"minecraft:wheat_seeds":146,"minecraft:raw_gold":63,"minecraft:mossy_stone_bricks":1,"minecraft:oak_planks":125,"minecraft:poisonous_potato":2,"minecraft:black_stained_glass_pane":96,"minecraft:sand":97,"minecraft:stripped_spruce_log":535,"minecraft:ink_sac":27,"minecraft:dark_oak_log":82,"minecraft:polished_andesite":29,"minecraft:diamond":29,"minecraft:spruce_boat":3,"minecraft:granite":24,"mcwroofs:spruce_roof":5,"minecraft:emerald":79,"minecraft:spruce_sign":9,"minecraft:bread":19,"minecraft:oak_sapling":358,"minecraft:netherrack":8,"minecraft:dark_oak_fence":2,"minecraft:diamond_pickaxe":1,"minecraft:spruce_leaves":70,"minecraft:crafting_table":8,"minecraft:ominous_bottle":4,"minecraft:ladder":159,"minecraft:brown_mushroom":38,"minecraft:wooden_pickaxe":6,"minecraft:chain":41,"minecraft:brick":142,"minecraft:red_bed":2,"minecraft:iron_axe":9,"minecraft:iron_shovel":6,"minecraft:glass_pane":62,"minecraft:candle":20,"minecraft:beef":7,"sawmill:sawmill":3,"minecraft:iron_nugget":14,"minecraft:poppy":4,"minecraft:spruce_slab":156,"minecraft:sugar_cane":91,"minecraft:chest":41,"minecraft:birch_sapling":4,"minecraft:spruce_trapdoor":54,"minecraft:egg":25,"minecraft:dark_oak_sapling":1,"minecraft:black_stained_glass":24,"minecraft:raw_iron":257,"minecraft:polished_deepslate_slab":87,"minecraft:oak_door":6,"minecraft:spruce_fence":98,"minecraft:carrot":342,"minecraft:redstone":128,"minecraft:dark_oak_planks":1,"minecraft:arrow":25,"minecraft:stone_shovel":2,"minecraft:cooked_cod":2,"minecraft:decorated_pot":11,"minecraft:beetroot_seeds":4,"minecraft:shears":4,"minecraft:hay_block":82,"minecraft:saddle":6,"minecraft:gold_ingot":10,"minecraft:glow_berries":24,"minecraft:mutton":1,"minecraft:rail":16,"minecraft:white_wool":24,"minecraft:oxeye_daisy":85,"minecraft:salmon":5,"minecraft:leather":4,"minecraft:filled_map":2,"minecraft:oak_log":838,"minecraft:gunpowder":17,"minecraft:wooden_hoe":4,"minecraft:deepslate_tile_slab":151,"minecraft:blue_bed":1,"minecraft:paper":9,"minecraft:white_banner":3,"minecraft:apple":97,"minecraft:stone_bricks":118,"minecraft:iron_ingot":34,"minecraft:stone_pickaxe":10,"minecraft:iron_sword":7,"minecraft:book":227,"minecraft:oak_slab":6,"minecraft:smooth_basalt":15,"minecraft:pumpkin":6,"minecraft:sweet_berries":95,"minecraft:stone_brick_slab":6,"minecraft:red_wool":8,"minecraft:spyglass":1,"minecraft:gravel":74,"minecraft:lava_bucket":1,"minecraft:amethyst_shard":48,"minecraft:spruce_sapling":256,"minecraft:white_bed":12,"minecraft:spruce_log":2145,"minecraft:spider_eye":2,"minecraft:slime_ball":32,"minecraft:campfire":12,"minecraft:stone_axe":5,"minecraft:iron_helmet":13,"minecraft:warped_roots":1,"minecraft:baked_potato":91,"minecraft:coal":885},"minecraft:dropped":{"minecraft:ominous_bottle":1,"minecraft:lapis_lazuli":50,"minecraft:oak_log":55,"minecraft:baked_potato":1,"minecraft:crafting_table":2,"minecraft:dark_oak_sapling":1,"minecraft:decorated_pot":1,"minecraft:glow_berries":8,"minecraft:warped_roots":1,"minecraft:spruce_leaves":4,"minecraft:dirt":35,"minecraft:cooked_cod":1,"minecraft:iron_pickaxe":2,"minecraft:dark_oak_planks":4,"minecraft:gold_ingot":3,"minecraft:bone":4,"minecraft:oak_door":1,"minecraft:gravel":8,"minecraft:dark_oak_door":1,"minecraft:cobbled_deepslate":68,"minecraft:birch_sapling":1,"minecraft:enchanted_golden_apple":1,"minecraft:white_bed":3,"minecraft:carrot":59,"minecraft:gunpowder":4,"mcwroofs:spruce_roof":1,"minecraft:spruce_slab":7,"minecraft:iron_bars":2,"minecraft:arrow":3,"minecraft:beef":7,"minecraft:water_bucket":1,"minecraft:wheat_seeds":15,"minecraft:poisonous_potato":1,"minecraft:cobblestone":192,"minecraft:apple":4,"minecraft:deepslate_tile_slab":13,"minecraft:spruce_stairs":608,"minecraft:stick":91,"minecraft:oxeye_daisy":4,"minecraft:diorite":1,"minecraft:wooden_hoe":1,"minecraft:map":1,"minecraft:potion":1,"minecraft:paper":3,"minecraft:spruce_sapling":22,"minecraft:stone_brick_slab":3,"minecraft:smooth_basalt":15,"minecraft:sweet_berries":4,"minecraft:deepslate":72,"minecraft:potato":95,"minecraft:hay_block":9,"minecraft:spruce_trapdoor":3,"minecraft:spruce_planks":64,"minecraft:andesite":79,"minecraft:oak_sapling":22,"minecraft:stone_bricks":1,"minecraft:calcite":7,"minecraft:brick":6},"minecraft:killed":{"minecraft:spider":3,"minecraft:skeleton":2,"minecraft:bee":2,"minecraft:zombie_villager":2,"minecraft:salmon":5,"minecraft:creeper":3,"minecraft:sheep":1,"minecraft:trader_llama":1,"minecraft:pillager":4,"minecraft:zombie":18,"minecraft:cow":5,"minecraft:wandering_trader":1,"minecraft:squid":7},"minecraft:custom":{"minecraft:animals_bred":12,"minecraft:interact_with_crafting_table":181,"minecraft:open_barrel":3,"minecraft:leave_game":44,"minecraft:time_since_death":34110,"minecraft:sprint_one_cm":2247551,"minecraft:drop":103,"minecraft:talked_to_villager":3,"minecraft:play_time":1132752,"minecraft:deaths":26,"minecraft:jump":15119,"minecraft:interact_with_brewingstand":1,"minecraft:walk_on_water_one_cm":73947,"minecraft:interact_with_furnace":198,"minecraft:sleep_in_bed":39,"minecraft:damage_dealt":9534,"minecraft:crouch_one_cm":128655,"minecraft:horse_one_cm":412596,"minecraft:mob_kills":57,"minecraft:climb_one_cm":107278,"minecraft:walk_one_cm":3391405,"minecraft:sneak_time":67851,"minecraft:walk_under_water_one_cm":113562,"minecraft:boat_one_cm":101728,"minecraft:total_world_time":1132752,"minecraft:interact_with_stonecutter":29,"minecraft:time_since_rest":12845,"minecraft:damage_taken":18806,"minecraft:swim_one_cm":319592,"minecraft:fly_one_cm":2695616,"minecraft:open_chest":579,"minecraft:fall_one_cm":499578},"minecraft:mined":{"minecraft:large_amethyst_bud":2,"minecraft:spruce_planks":58,"minecraft:white_bed":8,"minecraft:oak_sapling":40,"minecraft:farmland":47,"minecraft:brewing_stand":1,"minecraft:spruce_trapdoor":14,"minecraft:granite":18,"minecraft:grass_block":1182,"minecraft:deepslate_tile_stairs":12,"minecraft:oxeye_daisy":11,"minecraft:tall_seagrass":1,"minecraft:dark_oak_trapdoor":2,"minecraft:cobbled_deepslate":8,"minecraft:fire":2,"minecraft:pumpkin":2,"minecraft:deepslate_lapis_ore":1,"minecraft:pointed_dripstone":1,"minecraft:water_cauldron":1,"minecraft:polished_deepslate_slab":4,"minecraft:oak_stairs":1,"minecraft:spruce_slab":29,"minecraft:brown_mushroom":5,"minecraft:red_bed":2,"minecraft:polished_deepslate_stairs":86,"minecraft:amethyst_cluster":3,"minecraft:deepslate_tile_slab":19,"minecraft:torch":69,"minecraft:calcite":5,"minecraft:poppy":4,"minecraft:chest":41,"minecraft:dead_bush":1,"minecraft:cobblestone":10,"minecraft:oak_planks":9,"minecraft:sugar_cane":20,"minecraft:wall_torch":39,"minecraft:amethyst_block":1,"minecraft:seagrass":2,"minecraft:chain":1,"minecraft:dark_oak_door":3,"minecraft:birch_log":4,"minecraft:wheat":29,"minecraft:stone_brick_stairs":1,"minecraft:oak_log":86,"minecraft:sand":97,"minecraft:dirt":703,"minecraft:infested_cracked_stone_bricks":2,"mcwroofs:spruce_roof":2,"minecraft:smooth_basalt":17,"minecraft:stonecutter":2,"minecraft:oak_leaves":82,"minecraft:deepslate":2099,"minecraft:tuff":130,"minecraft:deepslate_diamond_ore":2,"minecraft:candle":1,"minecraft:oak_door":2,"minecraft:ladder":6,"minecraft:spruce_fence":16,"sawmill:sawmill":2,"minecraft:decorated_pot":34,"minecraft:spruce_leaves":91,"minecraft:large_fern":1,"minecraft:hay_block":11,"minecraft:black_stained_glass_pane":2,"minecraft:spruce_sapling":38,"minecraft:furnace":14,"minecraft:carrots":59,"minecraft:andesite":231,"minecraft:stripped_spruce_log":327,"minecraft:bookshelf":39,"minecraft:potatoes":104,"minecraft:deepslate_iron_ore":1,"minecraft:lantern":6,"minecraft:stone":911,"minecraft:podzol":1,"minecraft:glass_pane":1,"minecraft:infested_stone_bricks":1,"minecraft:polished_granite":1,"minecraft:oak_fence":9,"minecraft:crafting_table":7,"minecraft:short_grass":221,"minecraft:emerald_ore":3,"minecraft:warped_roots":1,"minecraft:lightning_rod":3,"minecraft:tall_grass":37,"minecraft:deepslate_gold_ore":7,"minecraft:diorite":9,"minecraft:blue_bed":1,"minecraft:spruce_stairs":37,"minecraft:coarse_dirt":2,"additional_lights:fire_for_standing_torch_s":2,"minecraft:sweet_berry_bush":6,"minecraft:spruce_log":150,"minecraft:bee_nest":1,"minecraft:coal_ore":1,"minecraft:gravel":51,"minecraft:cracked_stone_bricks":1,"minecraft:stone_bricks":10,"minecraft:polished_andesite":17,"minecraft:mossy_stone_bricks":3,"minecraft:deepslate_emerald_ore":8,"minecraft:fern":3,"minecraft:infested_stone":2},"minecraft:broken":{"minecraft:iron_shovel":3,"minecraft:stone_pickaxe":3,"minecraft:stone_axe":7,"minecraft:wooden_axe":4,"minecraft:stone_shovel":5,"minecraft:golden_axe":1,"minecraft:iron_axe":8,"minecraft:iron_pickaxe":9,"minecraft:iron_helmet":1},"minecraft:killed_by":{"minecraft:zombie_villager":1,"minecraft:creeper":1,"minecraft:silverfish":1,"minecraft:zombie":6,"minecraft:skeleton":7}},"DataVersion":3953}