{"stats":{"minecraft:used":{"minecraft:redstone_torch":4,"mcwtrpdoors:acacia_paper_trapdoor":2,"minecraft:netherite_sword":4,"mcwbridges:nether_bricks_bridge":5,"mcwtrpdoors:birch_glass_trapdoor":3,"mcwdoors:birch_barn_door":15,"mcwbridges:stone_brick_bridge":2,"mcwdoors:metal_door":4,"additional_lights:fire_pit_l_end_stone_bricks":1,"minecraft:copper_door":1,"mcwbridges:iron_bridge_stair":1,"mcwroofs:spruce_lower_roof":12,"additional_lights:standing_torch_s_stone_bricks":2,"mcwbridges:oak_rail_bridge":23,"mcwbridges:end_stone_bricks_bridge_pier":3,"toms_storage:level_emitter":5,"minecraft:grass_block":4,"minecraft:redstone":10,"mcwbridges:bridge_torch":39,"additional_lights:al_torch_dark_oak_planks":4,"mcwbridges:warped_rope_bridge_stair":1,"mcwdoors:warped_glass_door":2,"toms_storage:storage_terminal":4,"minecraft:chest":30,"additional_lights:al_lamp_nether_bricks":10,"toms_storage:inventory_cable":12,"toms_storage:inventory_connector":4,"minecraft:sheep_spawn_egg":2,"additional_lights:fire_pit_l_polished_blackstone":1,"additional_lights:fire_pit_s_stone_bricks":3,"additional_lights:al_lamp_dark_oak_planks":2,"additional_lights:al_lamp_magenta_wool":1,"additional_lights:fire_pit_l_mossy_stone_bricks":1,"mcwpaths:mud_brick_running_bond":1,"mcwbridges:asian_red_bridge_pier":3,"mcwpaths:mud_brick_running_bond_path":20,"additional_lights:al_lamp_iron_block":1,"additional_lights:al_torch_spruce_planks":1,"additional_lights:standing_torch_l_red_nether_bricks":1,"mcwtrpdoors:oak_swamp_trapdoor":2,"mcwdoors:oak_japanese_door":2,"additional_lights:standing_torch_l_stone_bricks":1,"mcwbridges:spruce_bridge_pier":4,"toms_storage:basic_inventory_hopper":8,"additional_lights:standing_torch_l_cobblestone":3,"additional_lights:fire_for_fire_pit_s":2,"mcwbridges:rope_oak_bridge":57,"additional_lights:standing_torch_s_polished_andesite":1,"mcwpaths:stone_running_bond":1},"minecraft:killed":{"minecraft:trader_llama":2,"minecraft:zombie":1,"minecraft:wandering_trader":1},"minecraft:custom":{"minecraft:time_since_rest":1882,"minecraft:sprint_one_cm":35658,"minecraft:damage_taken":2144,"minecraft:walk_one_cm":101127,"minecraft:mob_kills":5,"minecraft:drop":2,"minecraft:damage_dealt":1161,"minecraft:swim_one_cm":9706,"minecraft:fly_one_cm":87285,"minecraft:open_chest":59,"minecraft:crouch_one_cm":2633,"minecraft:play_time":138170,"minecraft:deaths":5,"minecraft:sneak_time":1826,"minecraft:walk_under_water_one_cm":624,"minecraft:jump":389,"minecraft:leave_game":2,"minecraft:walk_on_water_one_cm":1400,"minecraft:time_since_death":1850,"minecraft:total_world_time":138170,"minecraft:fall_one_cm":15424},"minecraft:dropped":{"minecraft:rotten_flesh":2},"minecraft:killed_by":{"minecraft:zombie":3},"minecraft:picked_up":{"mcwroofs:spruce_lower_roof":2,"minecraft:leather":11,"minecraft:lead":2,"minecraft:grass_block":194,"minecraft:redstone":65,"minecraft:rotten_flesh":3,"mcwdoors:birch_barn_door":2,"minecraft:redstone_torch":1,"toms_storage:basic_inventory_hopper":2,"mcwbridges:bridge_torch":2,"minecraft:chest":5},"minecraft:mined":{"minecraft:tall_grass":1}},"DataVersion":3953}