{"stats":{"minecraft:dropped":{"minecraft:rotten_flesh":1},"minecraft:mined":{"minecraft:jungle_leaves":4,"minecraft:short_grass":1,"minecraft:grass_block":3,"minecraft:oak_log":1,"minecraft:vine":1,"minecraft:jungle_log":13,"minecraft:stone":6},"minecraft:killed_by":{"minecraft:zombie":2},"minecraft:custom":{"minecraft:time_since_rest":11638,"minecraft:sprint_one_cm":62146,"minecraft:damage_taken":821,"minecraft:walk_one_cm":91886,"minecraft:drop":1,"minecraft:damage_dealt":169,"minecraft:talked_to_villager":5,"minecraft:swim_one_cm":29777,"minecraft:interact_with_crafting_table":4,"minecraft:fly_one_cm":60791,"minecraft:open_chest":6,"minecraft:crouch_one_cm":754,"minecraft:play_time":28413,"minecraft:deaths":2,"minecraft:sneak_time":912,"minecraft:walk_under_water_one_cm":2572,"minecraft:jump":367,"minecraft:leave_game":2,"minecraft:walk_on_water_one_cm":4244,"minecraft:time_since_death":11607,"minecraft:sleep_in_bed":1,"minecraft:climb_one_cm":4124,"minecraft:total_world_time":28413,"minecraft:fall_one_cm":8213},"minecraft:used":{"minecraft:villager_spawn_egg":1,"minecraft:bread":5,"minecraft:stone_pickaxe":4,"minecraft:jungle_log":4,"minecraft:wooden_pickaxe":3,"minecraft:crafting_table":1},"minecraft:crafted":{"minecraft:oak_planks":4,"minecraft:crafting_table":1,"minecraft:stick":4,"minecraft:wooden_pickaxe":1,"minecraft:stone_pickaxe":1,"minecraft:jungle_planks":92},"minecraft:picked_up":{"minecraft:cocoa_beans":6,"minecraft:jungle_log":30,"minecraft:brown_wool":1,"minecraft:fern":1,"minecraft:oak_log":2,"minecraft:dirt":3,"minecraft:rotten_flesh":1,"minecraft:bread":16,"minecraft:melon_slice":5,"minecraft:mutton":4,"minecraft:coal":20,"minecraft:white_wool":2,"minecraft:cobblestone":6,"minecraft:egg":2}},"DataVersion":3953}