{"stats":{"minecraft:broken":{"minecraft:stone_pickaxe":1},"minecraft:dropped":{"minecraft:rotten_flesh":2},"minecraft:mined":{"minecraft:jungle_leaves":55,"minecraft:crafting_table":1,"minecraft:torch":7,"minecraft:short_grass":13,"minecraft:grass_block":12,"minecraft:melon":16,"minecraft:jungle_log":14,"minecraft:copper_ore":9,"minecraft:cobblestone":1,"minecraft:wall_torch":1,"minecraft:furnace":1,"additional_lights:fire_for_standing_torch_s":4,"minecraft:fire":8,"minecraft:andesite":8,"minecraft:oak_log":1,"minecraft:vine":21,"minecraft:gravel":82,"minecraft:sand":1,"minecraft:dirt":45,"minecraft:stone":102,"minecraft:fern":2},"minecraft:killed_by":{"minecraft:zombie":2},"minecraft:custom":{"minecraft:interact_with_furnace":2,"minecraft:mob_kills":1,"minecraft:interact_with_crafting_table":7,"minecraft:leave_game":6,"minecraft:time_since_death":20087,"minecraft:sleep_in_bed":2,"minecraft:climb_one_cm":14787,"minecraft:time_since_rest":20124,"minecraft:sprint_one_cm":147243,"minecraft:damage_taken":1901,"minecraft:walk_one_cm":239562,"minecraft:drop":2,"minecraft:damage_dealt":243,"minecraft:swim_one_cm":50461,"minecraft:talked_to_villager":5,"minecraft:fly_one_cm":118735,"minecraft:open_chest":7,"minecraft:crouch_one_cm":2242,"minecraft:play_time":93679,"minecraft:deaths":3,"minecraft:sneak_time":1920,"minecraft:walk_under_water_one_cm":6081,"minecraft:jump":904,"minecraft:walk_on_water_one_cm":12620,"minecraft:total_world_time":93679,"minecraft:fall_one_cm":20569},"minecraft:used":{"minecraft:flint_and_steel":114,"minecraft:stone_shovel":122,"minecraft:stone_pickaxe":116,"minecraft:wooden_pickaxe":3,"minecraft:torch":13,"minecraft:crafting_table":2,"minecraft:villager_spawn_egg":1,"minecraft:bread":13,"minecraft:melon_slice":22,"minecraft:iron_pickaxe":8,"minecraft:jungle_log":4,"minecraft:cobblestone":12,"additional_lights:fire_for_standing_torch_s":5,"minecraft:furnace":1,"minecraft:andesite":8},"minecraft:crafted":{"minecraft:oak_planks":4,"minecraft:stone_shovel":1,"minecraft:crafting_table":2,"minecraft:wooden_pickaxe":1,"minecraft:furnace":1,"additional_lights:fire_for_standing_torch_s":1,"minecraft:air":0,"minecraft:jungle_planks":104,"minecraft:flint_and_steel":1,"minecraft:stick":20,"minecraft:iron_ingot":4,"minecraft:iron_pickaxe":1,"minecraft:stone_pickaxe":2,"minecraft:torch":32},"minecraft:picked_up":{"minecraft:cocoa_beans":57,"minecraft:crafting_table":1,"minecraft:jungle_log":31,"minecraft:andesite":8,"minecraft:fern":1,"minecraft:brown_wool":1,"minecraft:wooden_pickaxe":1,"minecraft:flint":7,"additional_lights:fire_for_standing_torch_s":4,"minecraft:oak_log":2,"minecraft:dirt":54,"minecraft:raw_copper":179,"minecraft:jungle_sapling":21,"minecraft:bamboo":2,"minecraft:melon_slice":146,"minecraft:egg":3,"minecraft:furnace":2,"minecraft:stick":66,"minecraft:raw_iron":4,"minecraft:torch":7,"minecraft:gravel":82,"minecraft:sand":1,"minecraft:rotten_flesh":2,"minecraft:stone_shovel":1,"minecraft:bread":16,"minecraft:mutton":4,"minecraft:coal":77,"minecraft:white_wool":2,"minecraft:cobblestone":158}},"DataVersion":3953}