{"stats":{"minecraft:used":{"minecraft:netherite_sword":4,"mcwtrpdoors:acacia_paper_trapdoor":2,"minecraft:beetroot":2,"mcwdoors:birch_barn_door":15,"additional_lights:fire_pit_l_end_stone_bricks":1,"mcwbridges:stone_brick_bridge":2,"mcwbridges:spruce_log_bridge_stair":9,"minecraft:iron_shovel":51,"additional_lights:standing_torch_s_stone_bricks":2,"toms_storage:level_emitter":5,"minecraft:spruce_slab":91,"minecraft:stone_shovel":281,"mcwroofs:spruce_planks_steep_roof":6,"minecraft:redstone":10,"minecraft:spruce_planks":596,"minecraft:chest":42,"additional_lights:al_lamp_nether_bricks":10,"minecraft:iron_sword":133,"minecraft:cooked_salmon":4,"additional_lights:fire_pit_l_polished_blackstone":1,"minecraft:cooked_chicken":2,"additional_lights:al_lamp_dark_oak_planks":2,"minecraft:torch":137,"minecraft:dirt":287,"minecraft:spruce_stairs":40,"mcwbridges:spruce_bridge_pier":34,"minecraft:granite":1,"minecraft:spruce_fence":32,"minecraft:iron_hoe":471,"minecraft:wooden_axe":37,"minecraft:lava_bucket":9,"mcwbridges:end_stone_bricks_bridge_pier":3,"minecraft:iron_axe":679,"mcwbridges:oak_rail_bridge":23,"minecraft:grass_block":4,"additional_lights:al_torch_dark_oak_planks":4,"toms_storage:inventory_cable":12,"mcwdoors:warped_glass_door":2,"minecraft:barrel":13,"additional_lights:fire_pit_s_stone_bricks":3,"mcwroofs:spruce_attic_roof":4,"minecraft:furnace":2,"minecraft:cooked_cod":2,"mcwdoors:oak_japanese_door":2,"toms_storage:basic_inventory_hopper":8,"minecraft:potato":56,"mcwroofs:spruce_upper_lower_roof":94,"additional_lights:standing_torch_l_cobblestone":3,"minecraft:cobbled_deepslate":2,"additional_lights:fire_for_fire_pit_s":2,"minecraft:dark_oak_sapling":4,"mcwpaths:stone_running_bond":1,"mcwbridges:rope_oak_bridge":57,"additional_lights:standing_torch_s_polished_andesite":1,"minecraft:wheat_seeds":395,"minecraft:cooked_mutton":2,"minecraft:water_bucket":3,"mcwbridges:nether_bricks_bridge":5,"mcwdoors:metal_door":4,"minecraft:copper_door":1,"minecraft:stone_pickaxe":12,"mcwbridges:warped_rope_bridge_stair":1,"minecraft:baked_potato":1,"toms_storage:storage_terminal":4,"minecraft:wooden_pickaxe":19,"minecraft:composter":2,"toms_storage:inventory_connector":4,"mcwdoors:spruce_barn_door":8,"minecraft:spruce_fence_gate":3,"minecraft:sheep_spawn_egg":2,"mcwroofs:spruce_steep_roof":51,"additional_lights:al_lamp_magenta_wool":1,"additional_lights:standing_torch_l_red_nether_bricks":1,"additional_lights:al_lamp_iron_block":1,"minecraft:crafting_table":3,"mcwpaths:mud_brick_running_bond_path":20,"mcwtrpdoors:oak_swamp_trapdoor":2,"minecraft:white_bed":7,"additional_lights:standing_torch_l_stone_bricks":1,"minecraft:spruce_log":131,"minecraft:lightning_rod":1,"minecraft:redstone_torch":4,"mcwtrpdoors:birch_glass_trapdoor":3,"minecraft:oxeye_daisy":13,"mcwroofs:spruce_top_roof":18,"mcwbridges:iron_bridge_stair":1,"mcwroofs:spruce_lower_roof":78,"minecraft:iron_pickaxe":199,"mcwpaths:spruce_planks_path":48,"minecraft:bread":3,"mcwbridges:bridge_torch":39,"sawmill:sawmill":3,"mcwroofs:spruce_roof":44,"minecraft:spruce_sapling":102,"additional_lights:fire_pit_l_mossy_stone_bricks":1,"minecraft:cobblestone":41,"mcwpaths:mud_brick_running_bond":1,"mcwbridges:asian_red_bridge_pier":3,"additional_lights:al_torch_spruce_planks":1,"minecraft:cooked_rabbit":1,"minecraft:andesite":7,"minecraft:bucket":13,"minecraft:glass_pane":34,"minecraft:bone_meal":26},"minecraft:crafted":{"mcwbridges:spruce_bridge_pier":10,"minecraft:barrel":3,"minecraft:stone_shovel":2,"minecraft:cooked_chicken":2,"minecraft:lightning_rod":1,"minecraft:furnace":1,"minecraft:bone_meal":594,"minecraft:spruce_fence":27,"mcwroofs:spruce_lower_roof":20,"minecraft:cooked_mutton":13,"minecraft:glass_pane":48,"mcwroofs:spruce_roof":22,"minecraft:glass":44,"minecraft:iron_boots":1,"minecraft:spruce_stairs":48,"mcwroofs:spruce_planks_steep_roof":4,"mcwbridges:spruce_log_bridge_stair":16,"minecraft:iron_axe":2,"minecraft:iron_hoe":1,"minecraft:spruce_slab":120,"minecraft:stone_pickaxe":1,"minecraft:chest":8,"minecraft:cooked_rabbit":1,"minecraft:cooked_cod":2,"minecraft:bone_block":63,"minecraft:crafting_table":2,"minecraft:iron_helmet":1,"minecraft:spruce_planks":636,"minecraft:wooden_pickaxe":1,"minecraft:baked_potato":1,"minecraft:iron_sword":1,"mcwroofs:spruce_upper_lower_roof":18,"mcwroofs:spruce_top_roof":21,"minecraft:cooked_salmon":4,"minecraft:copper_ingot":72,"mcwdoors:spruce_barn_door":2,"minecraft:bucket":1,"minecraft:bread":4,"minecraft:air":0,"minecraft:dark_oak_sapling":4,"minecraft:diamond_pickaxe":1,"minecraft:iron_chestplate":1,"minecraft:white_dye":3,"minecraft:stick":28,"mcwroofs:spruce_attic_roof":2,"minecraft:iron_ingot":131,"minecraft:iron_pickaxe":1,"minecraft:wooden_axe":1,"minecraft:iron_leggings":1,"minecraft:light_gray_dye":72,"minecraft:torch":88,"minecraft:composter":2,"mcwpaths:spruce_planks_path":36,"minecraft:spruce_fence_gate":4,"mcwroofs:spruce_steep_roof":20,"sawmill:sawmill":1},"minecraft:killed":{"minecraft:spider":9,"minecraft:cod":2,"minecraft:skeleton":20,"minecraft:chicken":2,"minecraft:zombie_villager":4,"minecraft:salmon":4,"minecraft:rabbit":1,"minecraft:wandering_trader":1,"minecraft:creeper":13,"minecraft:sheep":19,"minecraft:trader_llama":2,"minecraft:zombie":50,"minecraft:enderman":1},"minecraft:broken":{"minecraft:iron_axe":4,"minecraft:iron_pickaxe":2,"minecraft:wooden_axe":1,"minecraft:stone_shovel":2},"minecraft:custom":{"minecraft:mob_kills":130,"minecraft:animals_bred":36,"minecraft:interact_with_crafting_table":52,"minecraft:open_barrel":40,"minecraft:leave_game":4,"minecraft:time_since_death":5594,"minecraft:sprint_one_cm":775904,"minecraft:walk_one_cm":1374320,"minecraft:drop":39,"minecraft:talked_to_villager":4,"minecraft:play_time":525752,"minecraft:deaths":13,"minecraft:sneak_time":40676,"minecraft:walk_under_water_one_cm":21468,"minecraft:jump":3326,"minecraft:walk_on_water_one_cm":23637,"minecraft:total_world_time":525752,"minecraft:interact_with_furnace":62,"minecraft:traded_with_villager":4,"minecraft:interact_with_stonecutter":38,"minecraft:sleep_in_bed":21,"minecraft:time_since_rest":5625,"minecraft:damage_taken":10363,"minecraft:damage_dealt":21764,"minecraft:swim_one_cm":32317,"minecraft:fly_one_cm":523420,"minecraft:open_chest":198,"minecraft:crouch_one_cm":76213,"minecraft:fall_one_cm":93320},"minecraft:dropped":{"minecraft:wheat_seeds":2,"mcwroofs:spruce_upper_lower_roof":41,"minecraft:cobblestone":4,"minecraft:granite":3,"mcwbridges:spruce_bridge_pier":6,"mcwroofs:spruce_attic_roof":2,"minecraft:spruce_fence_gate":2,"minecraft:oxeye_daisy":18,"minecraft:dirt":1,"minecraft:diorite":1,"mcwroofs:spruce_top_roof":1,"minecraft:string":1,"minecraft:spruce_sapling":28,"minecraft:coarse_dirt":1,"minecraft:raw_copper":19,"minecraft:tuff":1,"minecraft:rotten_flesh":70,"mcwroofs:spruce_roof":60,"minecraft:light_gray_dye":8,"mcwroofs:spruce_lower_roof":49},"minecraft:killed_by":{"minecraft:skeleton":3,"minecraft:zombie":6},"minecraft:picked_up":{"minecraft:crafting_table":7,"minecraft:iron_chestplate":5,"minecraft:coarse_dirt":1,"minecraft:wheat":203,"minecraft:chicken":4,"mcwbridges:spruce_log_bridge_stair":25,"minecraft:brown_mushroom":10,"minecraft:lead":5,"minecraft:wooden_pickaxe":1,"minecraft:string":14,"minecraft:moss_carpet":10,"minecraft:raw_copper":210,"minecraft:iron_axe":7,"minecraft:cooked_salmon":1,"minecraft:iron_leggings":1,"minecraft:iron_shovel":2,"minecraft:glass_pane":28,"minecraft:cobbled_deepslate":10,"minecraft:bucket":5,"minecraft:spruce_planks":518,"mcwbridges:bridge_torch":2,"sawmill:sawmill":2,"minecraft:redstone_torch":1,"minecraft:light_gray_wool":6,"minecraft:iron_pickaxe":4,"minecraft:spruce_slab":37,"minecraft:chest":9,"minecraft:iron_boots":1,"minecraft:furnace":1,"minecraft:egg":7,"minecraft:stick":281,"minecraft:raw_iron":204,"minecraft:torch":213,"minecraft:spruce_stairs":52,"minecraft:spruce_fence":8,"mcwroofs:spruce_attic_roof":8,"minecraft:diorite":1,"minecraft:redstone":180,"minecraft:arrow":31,"minecraft:stone_shovel":2,"minecraft:rotten_flesh":79,"mcwroofs:spruce_steep_roof":66,"minecraft:mutton":28,"minecraft:white_wool":20,"minecraft:cod":2,"minecraft:bone_block":60,"minecraft:cobblestone":140,"minecraft:oxeye_daisy":103,"minecraft:feather":6,"minecraft:glow_ink_sac":2,"minecraft:andesite":18,"minecraft:salmon":4,"minecraft:leather":12,"minecraft:red_mushroom":8,"mcwbridges:spruce_bridge_pier":38,"minecraft:potato":57,"minecraft:tuff":1,"minecraft:light_gray_dye":60,"minecraft:gunpowder":5,"minecraft:lapis_lazuli":138,"minecraft:dirt":298,"minecraft:cooked_mutton":11,"minecraft:glass":50,"minecraft:bone":20,"mcwdoors:birch_barn_door":2,"minecraft:wheat_seeds":637,"minecraft:raw_gold":9,"toms_storage:basic_inventory_hopper":2,"minecraft:rabbit_hide":2,"minecraft:stone_pickaxe":1,"minecraft:iron_ingot":1,"minecraft:rabbit":1,"mcwdoors:spruce_barn_door":6,"mcwroofs:spruce_planks_steep_roof":6,"minecraft:iron_sword":5,"mcwroofs:spruce_upper_lower_roof":65,"mcwroofs:spruce_lower_roof":62,"minecraft:lava_bucket":1,"minecraft:sand":44,"minecraft:stripped_spruce_log":1,"minecraft:spruce_sapling":204,"minecraft:grass_block":194,"minecraft:white_bed":7,"minecraft:spruce_log":914,"minecraft:spider_eye":4,"minecraft:barrel":14,"minecraft:mossy_cobblestone":12,"minecraft:iron_hoe":5,"minecraft:spruce_fence_gate":7,"mcwpaths:spruce_planks_path":36,"minecraft:diamond":3,"minecraft:iron_helmet":1,"minecraft:granite":13,"mcwroofs:spruce_roof":63,"minecraft:bone_meal":6,"minecraft:gray_wool":1,"minecraft:bread":2,"minecraft:emerald":87,"minecraft:coal":401,"minecraft:diamond_pickaxe":1,"mcwroofs:spruce_top_roof":10},"minecraft:mined":{"minecraft:tuff":1,"minecraft:spruce_planks":229,"minecraft:white_bed":6,"minecraft:farmland":1,"minecraft:mossy_cobblestone":12,"minecraft:granite":4,"minecraft:grass_block":223,"minecraft:spruce_fence":3,"sawmill:sawmill":2,"mcwroofs:spruce_steep_roof":14,"minecraft:spruce_leaves":80,"minecraft:red_mushroom":4,"minecraft:oxeye_daisy":88,"minecraft:spruce_sapling":20,"minecraft:furnace":1,"minecraft:barrel":10,"mcwroofs:spruce_top_roof":8,"minecraft:andesite":13,"minecraft:stripped_spruce_log":1,"minecraft:moss_carpet":1,"mcwdoors:spruce_barn_door":6,"minecraft:potatoes":20,"minecraft:bone_block":60,"mcwroofs:spruce_lower_roof":11,"minecraft:stone":77,"minecraft:spruce_slab":6,"minecraft:brown_mushroom":9,"mcwroofs:spruce_upper_lower_roof":27,"mcwbridges:spruce_bridge_pier":26,"mcwbridges:spruce_log_bridge_stair":11,"minecraft:crafting_table":3,"minecraft:torch":8,"minecraft:short_grass":174,"minecraft:chest":4,"minecraft:tall_grass":46,"minecraft:cobblestone":6,"minecraft:wall_torch":10,"mcwroofs:spruce_planks_steep_roof":6,"minecraft:spruce_stairs":12,"minecraft:coarse_dirt":1,"minecraft:wheat":230,"minecraft:spruce_log":143,"mcwroofs:spruce_attic_roof":4,"minecraft:coal_ore":1,"minecraft:sand":44,"minecraft:dirt":48,"mcwroofs:spruce_roof":8,"mcwpaths:spruce_planks_path":12,"minecraft:spruce_fence_gate":1,"minecraft:deepslate":10,"minecraft:fern":1}},"DataVersion":3953}