{"stats":{"minecraft:mined":{"minecraft:grass_block":1},"minecraft:killed_by":{"minecraft:zombie":1},"minecraft:custom":{"minecraft:jump":66,"minecraft:time_since_rest":16,"minecraft:deaths":1,"minecraft:damage_dealt":10,"minecraft:damage_taken":261,"minecraft:leave_game":1,"minecraft:play_time":4521,"minecraft:sprint_one_cm":7919,"minecraft:time_since_death":0,"minecraft:walk_on_water_one_cm":533,"minecraft:walk_one_cm":19170,"minecraft:total_world_time":4521,"minecraft:climb_one_cm":545,"minecraft:fall_one_cm":962,"minecraft:fly_one_cm":4524},"minecraft:picked_up":{"minecraft:melon_slice":5,"minecraft:brown_wool":1,"minecraft:mutton":4,"minecraft:dirt":1,"minecraft:white_wool":2}},"DataVersion":3953}