{"stats":{"minecraft:used":{"mcwtrpdoors:acacia_paper_trapdoor":2,"mcwdoors:birch_barn_door":15,"minecraft:netherite_sword":4,"mcwbridges:stone_brick_bridge":2,"mcwbridges:spruce_log_bridge_stair":9,"additional_lights:fire_pit_l_end_stone_bricks":1,"additional_lights:standing_torch_s_stone_bricks":2,"minecraft:redstone":10,"toms_storage:level_emitter":5,"mcwroofs:spruce_planks_steep_roof":6,"minecraft:chest":32,"minecraft:spruce_planks":295,"additional_lights:al_lamp_nether_bricks":10,"additional_lights:fire_pit_l_polished_blackstone":1,"minecraft:cooked_chicken":2,"minecraft:torch":13,"additional_lights:al_lamp_dark_oak_planks":2,"minecraft:dirt":1,"mcwbridges:spruce_bridge_pier":28,"minecraft:wooden_axe":37,"minecraft:grass_block":4,"mcwbridges:end_stone_bricks_bridge_pier":3,"mcwbridges:oak_rail_bridge":23,"minecraft:iron_axe":214,"additional_lights:al_torch_dark_oak_planks":4,"mcwdoors:warped_glass_door":2,"toms_storage:inventory_cable":12,"additional_lights:fire_pit_s_stone_bricks":3,"minecraft:furnace":2,"mcwdoors:oak_japanese_door":2,"toms_storage:basic_inventory_hopper":8,"additional_lights:standing_torch_l_cobblestone":3,"additional_lights:fire_for_fire_pit_s":2,"mcwpaths:stone_running_bond":1,"mcwbridges:rope_oak_bridge":57,"additional_lights:standing_torch_s_polished_andesite":1,"mcwbridges:nether_bricks_bridge":5,"mcwdoors:metal_door":4,"minecraft:copper_door":1,"minecraft:stone_pickaxe":12,"mcwbridges:warped_rope_bridge_stair":1,"toms_storage:storage_terminal":4,"minecraft:wooden_pickaxe":19,"toms_storage:inventory_connector":4,"minecraft:sheep_spawn_egg":2,"mcwdoors:spruce_barn_door":8,"additional_lights:al_lamp_magenta_wool":1,"mcwpaths:mud_brick_running_bond_path":20,"minecraft:crafting_table":3,"additional_lights:al_lamp_iron_block":1,"additional_lights:standing_torch_l_red_nether_bricks":1,"mcwtrpdoors:oak_swamp_trapdoor":2,"minecraft:white_bed":1,"additional_lights:standing_torch_l_stone_bricks":1,"minecraft:spruce_log":21,"minecraft:redstone_torch":4,"mcwtrpdoors:birch_glass_trapdoor":3,"mcwbridges:iron_bridge_stair":1,"mcwroofs:spruce_lower_roof":12,"mcwpaths:spruce_planks_path":10,"mcwbridges:bridge_torch":39,"minecraft:iron_pickaxe":17,"sawmill:sawmill":3,"minecraft:spruce_sapling":10,"additional_lights:fire_pit_l_mossy_stone_bricks":1,"mcwpaths:mud_brick_running_bond":1,"mcwbridges:asian_red_bridge_pier":3,"additional_lights:al_torch_spruce_planks":1},"minecraft:crafted":{"mcwbridges:spruce_bridge_pier":10,"minecraft:cooked_chicken":2,"minecraft:furnace":1,"minecraft:spruce_fence":3,"mcwroofs:spruce_planks_steep_roof":4,"mcwbridges:spruce_log_bridge_stair":16,"minecraft:iron_axe":1,"minecraft:spruce_slab":6,"minecraft:stone_pickaxe":1,"minecraft:chest":2,"minecraft:crafting_table":2,"minecraft:spruce_planks":344,"minecraft:wooden_pickaxe":1,"mcwdoors:spruce_barn_door":2,"minecraft:air":0,"minecraft:iron_chestplate":1,"minecraft:stick":12,"minecraft:iron_ingot":23,"minecraft:iron_pickaxe":1,"minecraft:wooden_axe":1,"mcwpaths:spruce_planks_path":12,"minecraft:torch":44,"sawmill:sawmill":1},"minecraft:killed":{"minecraft:cod":2,"minecraft:chicken":2,"minecraft:salmon":4,"minecraft:wandering_trader":1,"minecraft:trader_llama":2,"minecraft:zombie":5},"minecraft:broken":{"minecraft:wooden_axe":1},"minecraft:custom":{"minecraft:mob_kills":17,"minecraft:interact_with_crafting_table":23,"minecraft:leave_game":2,"minecraft:time_since_death":61126,"minecraft:sprint_one_cm":190585,"minecraft:walk_one_cm":330290,"minecraft:drop":6,"minecraft:play_time":216170,"minecraft:deaths":7,"minecraft:sneak_time":7857,"minecraft:walk_under_water_one_cm":15005,"minecraft:jump":1150,"minecraft:walk_on_water_one_cm":10346,"minecraft:total_world_time":216170,"minecraft:interact_with_furnace":12,"minecraft:interact_with_stonecutter":19,"minecraft:sleep_in_bed":2,"minecraft:time_since_rest":39536,"minecraft:damage_taken":3810,"minecraft:damage_dealt":2073,"minecraft:swim_one_cm":24454,"minecraft:fly_one_cm":198241,"minecraft:open_chest":62,"minecraft:crouch_one_cm":13898,"minecraft:fall_one_cm":40431},"minecraft:dropped":{"minecraft:diorite":1,"minecraft:string":1,"minecraft:rotten_flesh":6},"minecraft:killed_by":{"minecraft:zombie":4},"minecraft:picked_up":{"minecraft:crafting_table":1,"minecraft:chicken":4,"mcwbridges:spruce_log_bridge_stair":11,"minecraft:lead":2,"minecraft:wooden_pickaxe":1,"minecraft:raw_copper":119,"minecraft:string":1,"minecraft:moss_carpet":3,"minecraft:spruce_planks":240,"minecraft:redstone_torch":1,"mcwbridges:bridge_torch":2,"sawmill:sawmill":2,"minecraft:chest":5,"minecraft:furnace":1,"minecraft:stick":40,"minecraft:raw_iron":28,"minecraft:torch":5,"minecraft:diorite":1,"minecraft:redstone":65,"minecraft:rotten_flesh":7,"minecraft:cod":2,"minecraft:cobblestone":45,"minecraft:oxeye_daisy":41,"minecraft:feather":4,"minecraft:andesite":2,"minecraft:salmon":4,"minecraft:leather":11,"minecraft:red_mushroom":3,"mcwbridges:spruce_bridge_pier":14,"minecraft:dirt":1,"mcwdoors:birch_barn_door":2,"minecraft:wheat_seeds":10,"toms_storage:basic_inventory_hopper":2,"minecraft:stone_pickaxe":1,"mcwdoors:spruce_barn_door":6,"mcwroofs:spruce_planks_steep_roof":6,"mcwroofs:spruce_lower_roof":2,"minecraft:stripped_spruce_log":1,"minecraft:spruce_sapling":34,"minecraft:spruce_log":120,"minecraft:white_bed":3,"minecraft:grass_block":194,"mcwpaths:spruce_planks_path":2,"minecraft:granite":3,"minecraft:bone_meal":1,"minecraft:emerald":16,"minecraft:coal":74},"minecraft:mined":{"minecraft:spruce_planks":111,"minecraft:white_bed":2,"minecraft:granite":3,"minecraft:grass_block":2,"sawmill:sawmill":2,"minecraft:spruce_leaves":19,"minecraft:red_mushroom":3,"minecraft:oxeye_daisy":43,"minecraft:furnace":1,"minecraft:andesite":2,"minecraft:stripped_spruce_log":1,"mcwdoors:spruce_barn_door":6,"minecraft:stone":29,"mcwbridges:spruce_bridge_pier":14,"minecraft:crafting_table":1,"mcwbridges:spruce_log_bridge_stair":11,"minecraft:short_grass":34,"minecraft:tall_grass":9,"minecraft:wall_torch":3,"mcwroofs:spruce_planks_steep_roof":6,"minecraft:spruce_log":49,"mcwpaths:spruce_planks_path":2,"minecraft:fern":1}},"DataVersion":3953}