{"stats":{"minecraft:used":{"mcwbridges:rope_oak_bridge":57,"additional_lights:standing_torch_s_polished_andesite":1,"mcwtrpdoors:acacia_paper_trapdoor":2,"mcwdoors:birch_barn_door":15,"mcwbridges:stone_brick_bridge":2,"minecraft:netherite_sword":4,"mcwbridges:nether_bricks_bridge":5,"mcwdoors:metal_door":4,"additional_lights:standing_torch_s_stone_bricks":2,"minecraft:copper_door":1,"additional_lights:fire_pit_l_end_stone_bricks":1,"minecraft:stone_pickaxe":12,"toms_storage:level_emitter":5,"minecraft:redstone":10,"mcwbridges:warped_rope_bridge_stair":1,"minecraft:spruce_planks":74,"toms_storage:storage_terminal":4,"minecraft:wooden_pickaxe":19,"minecraft:chest":30,"additional_lights:al_lamp_nether_bricks":10,"toms_storage:inventory_connector":4,"mcwdoors:spruce_barn_door":2,"minecraft:sheep_spawn_egg":2,"additional_lights:fire_pit_l_polished_blackstone":1,"minecraft:cooked_chicken":2,"minecraft:torch":7,"additional_lights:al_lamp_dark_oak_planks":2,"additional_lights:al_lamp_magenta_wool":1,"mcwpaths:mud_brick_running_bond_path":20,"minecraft:crafting_table":2,"additional_lights:al_lamp_iron_block":1,"minecraft:white_bed":1,"additional_lights:standing_torch_l_red_nether_bricks":1,"mcwtrpdoors:oak_swamp_trapdoor":2,"additional_lights:standing_torch_l_stone_bricks":1,"mcwbridges:spruce_bridge_pier":4,"minecraft:spruce_log":1,"minecraft:redstone_torch":4,"minecraft:wooden_axe":37,"mcwtrpdoors:birch_glass_trapdoor":3,"mcwbridges:iron_bridge_stair":1,"mcwroofs:spruce_lower_roof":12,"mcwbridges:oak_rail_bridge":23,"mcwbridges:end_stone_bricks_bridge_pier":3,"minecraft:grass_block":4,"mcwbridges:bridge_torch":39,"additional_lights:al_torch_dark_oak_planks":4,"minecraft:iron_pickaxe":16,"mcwdoors:warped_glass_door":2,"toms_storage:inventory_cable":12,"additional_lights:fire_pit_s_stone_bricks":3,"mcwpaths:mud_brick_running_bond":1,"additional_lights:fire_pit_l_mossy_stone_bricks":1,"mcwbridges:asian_red_bridge_pier":3,"minecraft:furnace":1,"additional_lights:al_torch_spruce_planks":1,"mcwdoors:oak_japanese_door":2,"toms_storage:basic_inventory_hopper":8,"additional_lights:standing_torch_l_cobblestone":3,"additional_lights:fire_for_fire_pit_s":2,"mcwpaths:stone_running_bond":1},"minecraft:crafted":{"minecraft:crafting_table":2,"minecraft:spruce_planks":240,"minecraft:wooden_pickaxe":1,"minecraft:cooked_chicken":2,"minecraft:furnace":1,"minecraft:spruce_fence":3,"mcwdoors:spruce_barn_door":2,"minecraft:air":0,"minecraft:spruce_slab":6,"minecraft:iron_axe":1,"minecraft:stick":12,"minecraft:iron_ingot":15,"minecraft:iron_pickaxe":1,"minecraft:stone_pickaxe":1,"minecraft:wooden_axe":1,"minecraft:torch":44,"sawmill:sawmill":1},"minecraft:killed":{"minecraft:wandering_trader":1,"minecraft:trader_llama":2,"minecraft:zombie":2,"minecraft:chicken":2},"minecraft:broken":{"minecraft:wooden_axe":1},"minecraft:custom":{"minecraft:interact_with_furnace":9,"minecraft:mob_kills":8,"minecraft:interact_with_crafting_table":13,"minecraft:leave_game":2,"minecraft:time_since_death":19126,"minecraft:sleep_in_bed":1,"minecraft:time_since_rest":11636,"minecraft:sprint_one_cm":117912,"minecraft:damage_taken":3419,"minecraft:walk_one_cm":188634,"minecraft:drop":2,"minecraft:damage_dealt":1468,"minecraft:swim_one_cm":18435,"minecraft:fly_one_cm":151060,"minecraft:open_chest":59,"minecraft:crouch_one_cm":4460,"minecraft:play_time":174170,"minecraft:deaths":7,"minecraft:sneak_time":4221,"minecraft:walk_under_water_one_cm":6746,"minecraft:jump":852,"minecraft:walk_on_water_one_cm":2760,"minecraft:total_world_time":174170,"minecraft:fall_one_cm":30921},"minecraft:dropped":{"minecraft:rotten_flesh":2},"minecraft:killed_by":{"minecraft:zombie":4},"minecraft:picked_up":{"minecraft:feather":4,"minecraft:chicken":4,"minecraft:andesite":2,"minecraft:leather":11,"minecraft:lead":2,"minecraft:wooden_pickaxe":1,"minecraft:red_mushroom":3,"minecraft:raw_copper":119,"mcwdoors:birch_barn_door":2,"minecraft:wheat_seeds":7,"minecraft:spruce_planks":128,"minecraft:stone_pickaxe":1,"toms_storage:basic_inventory_hopper":2,"mcwbridges:bridge_torch":2,"minecraft:redstone_torch":1,"mcwdoors:spruce_barn_door":1,"minecraft:chest":5,"mcwroofs:spruce_lower_roof":2,"minecraft:stick":32,"minecraft:raw_iron":28,"minecraft:torch":2,"minecraft:white_bed":1,"minecraft:spruce_sapling":24,"minecraft:grass_block":194,"minecraft:spruce_log":61,"minecraft:redstone":65,"minecraft:rotten_flesh":3,"minecraft:granite":3,"minecraft:emerald":16,"minecraft:coal":74,"minecraft:oxeye_daisy":30,"minecraft:cobblestone":45},"minecraft:mined":{"minecraft:granite":3,"minecraft:short_grass":15,"minecraft:grass_block":1,"minecraft:tall_grass":1,"minecraft:spruce_leaves":18,"minecraft:red_mushroom":3,"minecraft:oxeye_daisy":32,"minecraft:wall_torch":1,"minecraft:spruce_log":28,"minecraft:andesite":2,"mcwdoors:spruce_barn_door":1,"minecraft:stone":29,"minecraft:fern":1}},"DataVersion":3953}