{"stats":{"minecraft:used":{"minecraft:netherite_sword":4,"mcwtrpdoors:acacia_paper_trapdoor":2,"minecraft:beetroot":2,"mcwdoors:birch_barn_door":15,"additional_lights:fire_pit_l_end_stone_bricks":1,"mcwbridges:stone_brick_bridge":2,"mcwbridges:spruce_log_bridge_stair":9,"minecraft:iron_shovel":50,"additional_lights:standing_torch_s_stone_bricks":2,"toms_storage:level_emitter":5,"minecraft:spruce_slab":91,"minecraft:stone_shovel":281,"mcwroofs:spruce_planks_steep_roof":6,"minecraft:redstone":10,"minecraft:spruce_planks":596,"minecraft:chest":37,"additional_lights:al_lamp_nether_bricks":10,"minecraft:iron_sword":123,"minecraft:cooked_salmon":4,"additional_lights:fire_pit_l_polished_blackstone":1,"minecraft:cooked_chicken":2,"additional_lights:al_lamp_dark_oak_planks":2,"minecraft:torch":105,"minecraft:dirt":287,"minecraft:spruce_stairs":40,"mcwbridges:spruce_bridge_pier":34,"minecraft:granite":1,"minecraft:spruce_fence":32,"minecraft:iron_hoe":393,"minecraft:wooden_axe":37,"mcwbridges:end_stone_bricks_bridge_pier":3,"minecraft:iron_axe":660,"mcwbridges:oak_rail_bridge":23,"minecraft:grass_block":4,"additional_lights:al_torch_dark_oak_planks":4,"toms_storage:inventory_cable":12,"mcwdoors:warped_glass_door":2,"minecraft:barrel":11,"additional_lights:fire_pit_s_stone_bricks":3,"mcwroofs:spruce_attic_roof":4,"minecraft:furnace":2,"minecraft:cooked_cod":2,"mcwdoors:oak_japanese_door":2,"toms_storage:basic_inventory_hopper":8,"minecraft:potato":13,"mcwroofs:spruce_upper_lower_roof":94,"additional_lights:standing_torch_l_cobblestone":3,"minecraft:cobbled_deepslate":2,"additional_lights:fire_for_fire_pit_s":2,"mcwpaths:stone_running_bond":1,"mcwbridges:rope_oak_bridge":57,"additional_lights:standing_torch_s_polished_andesite":1,"minecraft:wheat_seeds":234,"minecraft:water_bucket":3,"mcwbridges:nether_bricks_bridge":5,"mcwdoors:metal_door":4,"minecraft:copper_door":1,"minecraft:stone_pickaxe":12,"mcwbridges:warped_rope_bridge_stair":1,"minecraft:baked_potato":1,"toms_storage:storage_terminal":4,"minecraft:wooden_pickaxe":19,"minecraft:composter":2,"toms_storage:inventory_connector":4,"mcwdoors:spruce_barn_door":8,"minecraft:spruce_fence_gate":3,"minecraft:sheep_spawn_egg":2,"mcwroofs:spruce_steep_roof":51,"additional_lights:al_lamp_magenta_wool":1,"additional_lights:standing_torch_l_red_nether_bricks":1,"additional_lights:al_lamp_iron_block":1,"minecraft:crafting_table":3,"mcwpaths:mud_brick_running_bond_path":20,"mcwtrpdoors:oak_swamp_trapdoor":2,"minecraft:white_bed":7,"additional_lights:standing_torch_l_stone_bricks":1,"minecraft:spruce_log":131,"minecraft:lightning_rod":1,"minecraft:redstone_torch":4,"mcwtrpdoors:birch_glass_trapdoor":3,"minecraft:oxeye_daisy":13,"mcwroofs:spruce_top_roof":18,"mcwbridges:iron_bridge_stair":1,"mcwroofs:spruce_lower_roof":78,"minecraft:iron_pickaxe":105,"mcwpaths:spruce_planks_path":48,"minecraft:bread":3,"mcwbridges:bridge_torch":39,"sawmill:sawmill":3,"mcwroofs:spruce_roof":44,"minecraft:spruce_sapling":98,"additional_lights:fire_pit_l_mossy_stone_bricks":1,"minecraft:cobblestone":21,"mcwpaths:mud_brick_running_bond":1,"mcwbridges:asian_red_bridge_pier":3,"additional_lights:al_torch_spruce_planks":1,"minecraft:cooked_rabbit":1,"minecraft:andesite":7,"minecraft:bucket":3,"minecraft:glass_pane":34,"minecraft:bone_meal":22},"minecraft:crafted":{"mcwbridges:spruce_bridge_pier":10,"minecraft:barrel":3,"minecraft:stone_shovel":2,"minecraft:cooked_chicken":2,"minecraft:lightning_rod":1,"minecraft:furnace":1,"minecraft:bone_meal":24,"minecraft:spruce_fence":27,"mcwroofs:spruce_lower_roof":20,"minecraft:glass_pane":48,"mcwroofs:spruce_roof":22,"minecraft:glass":44,"minecraft:spruce_stairs":48,"mcwroofs:spruce_planks_steep_roof":4,"mcwbridges:spruce_log_bridge_stair":16,"minecraft:iron_axe":2,"minecraft:iron_hoe":1,"minecraft:spruce_slab":120,"minecraft:stone_pickaxe":1,"minecraft:chest":4,"minecraft:cooked_rabbit":1,"minecraft:cooked_cod":2,"minecraft:crafting_table":2,"minecraft:spruce_planks":636,"minecraft:wooden_pickaxe":1,"minecraft:baked_potato":1,"minecraft:iron_sword":1,"mcwroofs:spruce_upper_lower_roof":18,"mcwroofs:spruce_top_roof":21,"minecraft:cooked_salmon":4,"minecraft:copper_ingot":72,"mcwdoors:spruce_barn_door":2,"minecraft:bucket":1,"minecraft:bread":4,"minecraft:air":0,"minecraft:iron_chestplate":1,"minecraft:white_dye":3,"minecraft:stick":28,"mcwroofs:spruce_attic_roof":2,"minecraft:iron_ingot":25,"minecraft:iron_pickaxe":1,"minecraft:wooden_axe":1,"minecraft:light_gray_dye":72,"minecraft:torch":88,"minecraft:composter":2,"mcwpaths:spruce_planks_path":36,"minecraft:spruce_fence_gate":4,"mcwroofs:spruce_steep_roof":20,"sawmill:sawmill":1},"minecraft:killed":{"minecraft:spider":7,"minecraft:cod":2,"minecraft:skeleton":18,"minecraft:chicken":2,"minecraft:zombie_villager":4,"minecraft:salmon":4,"minecraft:rabbit":1,"minecraft:wandering_trader":1,"minecraft:creeper":12,"minecraft:sheep":8,"minecraft:trader_llama":2,"minecraft:zombie":44,"minecraft:enderman":1},"minecraft:broken":{"minecraft:iron_axe":4,"minecraft:iron_pickaxe":1,"minecraft:wooden_axe":1,"minecraft:stone_shovel":2},"minecraft:custom":{"minecraft:mob_kills":108,"minecraft:animals_bred":20,"minecraft:interact_with_crafting_table":42,"minecraft:open_barrel":30,"minecraft:leave_game":4,"minecraft:time_since_death":15463,"minecraft:sprint_one_cm":666006,"minecraft:walk_one_cm":1235913,"minecraft:drop":29,"minecraft:play_time":467395,"minecraft:deaths":12,"minecraft:sneak_time":38274,"minecraft:walk_under_water_one_cm":21050,"minecraft:jump":3013,"minecraft:walk_on_water_one_cm":21371,"minecraft:total_world_time":467395,"minecraft:interact_with_furnace":53,"minecraft:interact_with_stonecutter":37,"minecraft:sleep_in_bed":18,"minecraft:time_since_rest":15589,"minecraft:damage_taken":9660,"minecraft:damage_dealt":18791,"minecraft:swim_one_cm":27472,"minecraft:fly_one_cm":424447,"minecraft:open_chest":153,"minecraft:crouch_one_cm":73751,"minecraft:fall_one_cm":83182},"minecraft:dropped":{"minecraft:granite":3,"mcwroofs:spruce_attic_roof":2,"minecraft:spruce_fence_gate":2,"minecraft:oxeye_daisy":18,"minecraft:dirt":1,"minecraft:diorite":1,"minecraft:string":1,"minecraft:spruce_sapling":18,"minecraft:coarse_dirt":1,"minecraft:raw_copper":19,"minecraft:rotten_flesh":65,"minecraft:light_gray_dye":8},"minecraft:killed_by":{"minecraft:skeleton":3,"minecraft:zombie":6},"minecraft:picked_up":{"minecraft:crafting_table":7,"minecraft:iron_chestplate":4,"minecraft:coarse_dirt":1,"minecraft:wheat":117,"minecraft:chicken":4,"mcwbridges:spruce_log_bridge_stair":25,"minecraft:brown_mushroom":10,"minecraft:lead":2,"minecraft:wooden_pickaxe":1,"minecraft:string":14,"minecraft:moss_carpet":10,"minecraft:raw_copper":210,"minecraft:iron_axe":5,"minecraft:cooked_salmon":1,"minecraft:iron_shovel":1,"minecraft:glass_pane":28,"minecraft:cobbled_deepslate":5,"minecraft:bucket":5,"minecraft:spruce_planks":518,"mcwbridges:bridge_torch":2,"sawmill:sawmill":2,"minecraft:redstone_torch":1,"minecraft:light_gray_wool":6,"minecraft:iron_pickaxe":3,"minecraft:spruce_slab":37,"minecraft:chest":8,"minecraft:furnace":1,"minecraft:egg":4,"minecraft:stick":239,"minecraft:raw_iron":191,"minecraft:torch":175,"minecraft:spruce_stairs":52,"minecraft:spruce_fence":8,"mcwroofs:spruce_attic_roof":8,"minecraft:diorite":1,"minecraft:redstone":170,"minecraft:arrow":25,"minecraft:stone_shovel":2,"minecraft:rotten_flesh":74,"mcwroofs:spruce_steep_roof":66,"minecraft:mutton":11,"minecraft:cod":2,"minecraft:cobblestone":116,"minecraft:oxeye_daisy":103,"minecraft:feather":6,"minecraft:andesite":18,"minecraft:salmon":4,"minecraft:leather":11,"minecraft:red_mushroom":8,"mcwbridges:spruce_bridge_pier":38,"minecraft:potato":14,"minecraft:light_gray_dye":60,"minecraft:gunpowder":5,"minecraft:lapis_lazuli":117,"minecraft:dirt":298,"minecraft:glass":50,"minecraft:bone":18,"mcwdoors:birch_barn_door":2,"minecraft:wheat_seeds":400,"minecraft:raw_gold":3,"toms_storage:basic_inventory_hopper":2,"minecraft:rabbit_hide":2,"minecraft:stone_pickaxe":1,"minecraft:iron_ingot":1,"minecraft:rabbit":1,"mcwdoors:spruce_barn_door":6,"mcwroofs:spruce_planks_steep_roof":6,"minecraft:iron_sword":4,"mcwroofs:spruce_upper_lower_roof":65,"mcwroofs:spruce_lower_roof":62,"minecraft:sand":44,"minecraft:stripped_spruce_log":1,"minecraft:spruce_sapling":196,"minecraft:grass_block":194,"minecraft:white_bed":7,"minecraft:spruce_log":870,"minecraft:spider_eye":4,"minecraft:barrel":12,"minecraft:mossy_cobblestone":12,"minecraft:iron_hoe":4,"minecraft:spruce_fence_gate":7,"mcwpaths:spruce_planks_path":36,"minecraft:granite":13,"mcwroofs:spruce_roof":63,"minecraft:bone_meal":2,"minecraft:gray_wool":1,"minecraft:bread":1,"minecraft:emerald":87,"minecraft:coal":337,"mcwroofs:spruce_top_roof":10},"minecraft:mined":{"minecraft:spruce_planks":229,"minecraft:white_bed":6,"minecraft:farmland":1,"minecraft:mossy_cobblestone":12,"minecraft:granite":4,"minecraft:grass_block":223,"minecraft:spruce_fence":3,"sawmill:sawmill":2,"mcwroofs:spruce_steep_roof":14,"minecraft:spruce_leaves":73,"minecraft:red_mushroom":4,"minecraft:oxeye_daisy":88,"minecraft:spruce_sapling":20,"minecraft:furnace":1,"minecraft:barrel":8,"mcwroofs:spruce_top_roof":8,"minecraft:andesite":13,"minecraft:stripped_spruce_log":1,"minecraft:moss_carpet":1,"mcwdoors:spruce_barn_door":6,"minecraft:potatoes":5,"mcwroofs:spruce_lower_roof":11,"minecraft:stone":53,"minecraft:spruce_slab":6,"minecraft:brown_mushroom":9,"mcwroofs:spruce_upper_lower_roof":27,"mcwbridges:spruce_bridge_pier":26,"mcwbridges:spruce_log_bridge_stair":11,"minecraft:crafting_table":3,"minecraft:torch":6,"minecraft:short_grass":172,"minecraft:chest":3,"minecraft:tall_grass":46,"minecraft:cobblestone":6,"minecraft:wall_torch":7,"mcwroofs:spruce_planks_steep_roof":6,"minecraft:spruce_stairs":12,"minecraft:coarse_dirt":1,"minecraft:wheat":133,"minecraft:spruce_log":142,"mcwroofs:spruce_attic_roof":4,"minecraft:sand":44,"minecraft:dirt":48,"mcwroofs:spruce_roof":8,"mcwpaths:spruce_planks_path":12,"minecraft:spruce_fence_gate":1,"minecraft:deepslate":5,"minecraft:fern":1}},"DataVersion":3953}