{"stats":{"minecraft:used":{"minecraft:beetroot":2,"mcwtrpdoors:acacia_paper_trapdoor":2,"minecraft:iron_shovel":50,"mcwdoors:birch_barn_door":15,"minecraft:netherite_sword":4,"mcwbridges:stone_brick_bridge":2,"mcwbridges:spruce_log_bridge_stair":9,"additional_lights:fire_pit_l_end_stone_bricks":1,"additional_lights:standing_torch_s_stone_bricks":2,"minecraft:stone_shovel":281,"minecraft:spruce_slab":86,"minecraft:redstone":10,"toms_storage:level_emitter":5,"mcwroofs:spruce_planks_steep_roof":6,"minecraft:chest":37,"minecraft:spruce_planks":520,"additional_lights:al_lamp_nether_bricks":10,"minecraft:iron_sword":74,"minecraft:cooked_salmon":4,"additional_lights:fire_pit_l_polished_blackstone":1,"minecraft:cooked_chicken":2,"minecraft:torch":39,"additional_lights:al_lamp_dark_oak_planks":2,"minecraft:dirt":287,"minecraft:spruce_stairs":40,"mcwbridges:spruce_bridge_pier":28,"minecraft:granite":1,"minecraft:spruce_fence":32,"minecraft:iron_hoe":354,"minecraft:wooden_axe":37,"minecraft:grass_block":4,"mcwbridges:end_stone_bricks_bridge_pier":3,"mcwbridges:oak_rail_bridge":23,"minecraft:iron_axe":594,"additional_lights:al_torch_dark_oak_planks":4,"mcwdoors:warped_glass_door":2,"toms_storage:inventory_cable":12,"minecraft:barrel":11,"additional_lights:fire_pit_s_stone_bricks":3,"mcwroofs:spruce_attic_roof":3,"minecraft:furnace":2,"minecraft:cooked_cod":2,"mcwdoors:oak_japanese_door":2,"minecraft:potato":4,"mcwroofs:spruce_upper_lower_roof":93,"toms_storage:basic_inventory_hopper":8,"additional_lights:standing_torch_l_cobblestone":3,"additional_lights:fire_for_fire_pit_s":2,"mcwpaths:stone_running_bond":1,"mcwbridges:rope_oak_bridge":57,"additional_lights:standing_torch_s_polished_andesite":1,"minecraft:wheat_seeds":196,"minecraft:water_bucket":3,"mcwbridges:nether_bricks_bridge":5,"mcwdoors:metal_door":4,"minecraft:copper_door":1,"minecraft:stone_pickaxe":12,"minecraft:baked_potato":1,"mcwbridges:warped_rope_bridge_stair":1,"toms_storage:storage_terminal":4,"minecraft:wooden_pickaxe":19,"minecraft:composter":1,"toms_storage:inventory_connector":4,"minecraft:spruce_fence_gate":3,"minecraft:sheep_spawn_egg":2,"mcwdoors:spruce_barn_door":8,"mcwroofs:spruce_steep_roof":51,"additional_lights:al_lamp_magenta_wool":1,"mcwpaths:mud_brick_running_bond_path":20,"minecraft:crafting_table":3,"additional_lights:al_lamp_iron_block":1,"additional_lights:standing_torch_l_red_nether_bricks":1,"mcwtrpdoors:oak_swamp_trapdoor":2,"minecraft:white_bed":6,"additional_lights:standing_torch_l_stone_bricks":1,"minecraft:spruce_log":131,"minecraft:lightning_rod":1,"minecraft:redstone_torch":4,"mcwtrpdoors:birch_glass_trapdoor":3,"mcwroofs:spruce_top_roof":18,"minecraft:oxeye_daisy":13,"mcwbridges:iron_bridge_stair":1,"mcwroofs:spruce_lower_roof":78,"mcwpaths:spruce_planks_path":48,"minecraft:bread":3,"mcwbridges:bridge_torch":39,"minecraft:iron_pickaxe":66,"sawmill:sawmill":3,"mcwroofs:spruce_roof":44,"minecraft:spruce_sapling":94,"minecraft:cobblestone":6,"additional_lights:fire_pit_l_mossy_stone_bricks":1,"mcwpaths:mud_brick_running_bond":1,"mcwbridges:asian_red_bridge_pier":3,"additional_lights:al_torch_spruce_planks":1,"minecraft:cooked_rabbit":1,"minecraft:bucket":3,"minecraft:glass_pane":16,"minecraft:bone_meal":22},"minecraft:crafted":{"minecraft:stone_shovel":2,"mcwbridges:spruce_bridge_pier":10,"minecraft:barrel":3,"minecraft:cooked_chicken":2,"minecraft:lightning_rod":1,"minecraft:furnace":1,"minecraft:bone_meal":24,"minecraft:spruce_fence":27,"mcwroofs:spruce_lower_roof":20,"minecraft:glass_pane":16,"mcwroofs:spruce_roof":22,"minecraft:glass":44,"minecraft:spruce_stairs":48,"mcwroofs:spruce_planks_steep_roof":4,"mcwbridges:spruce_log_bridge_stair":16,"minecraft:iron_axe":2,"minecraft:iron_hoe":1,"minecraft:spruce_slab":102,"minecraft:stone_pickaxe":1,"minecraft:chest":4,"minecraft:cooked_rabbit":1,"minecraft:cooked_cod":2,"minecraft:crafting_table":2,"minecraft:spruce_planks":520,"minecraft:baked_potato":1,"minecraft:wooden_pickaxe":1,"minecraft:iron_sword":1,"mcwroofs:spruce_upper_lower_roof":18,"mcwroofs:spruce_top_roof":21,"minecraft:cooked_salmon":4,"minecraft:copper_ingot":72,"minecraft:bucket":1,"mcwdoors:spruce_barn_door":2,"minecraft:bread":4,"minecraft:air":0,"minecraft:iron_chestplate":1,"minecraft:white_dye":3,"minecraft:stick":28,"mcwroofs:spruce_attic_roof":2,"minecraft:iron_ingot":25,"minecraft:iron_pickaxe":1,"minecraft:wooden_axe":1,"minecraft:light_gray_dye":72,"minecraft:composter":1,"mcwpaths:spruce_planks_path":36,"minecraft:spruce_fence_gate":4,"minecraft:torch":88,"mcwroofs:spruce_steep_roof":20,"sawmill:sawmill":1},"minecraft:killed":{"minecraft:spider":1,"minecraft:cod":2,"minecraft:skeleton":5,"minecraft:chicken":2,"minecraft:zombie_villager":1,"minecraft:salmon":4,"minecraft:rabbit":1,"minecraft:wandering_trader":1,"minecraft:creeper":3,"minecraft:trader_llama":2,"minecraft:zombie":23,"minecraft:enderman":1},"minecraft:broken":{"minecraft:iron_axe":3,"minecraft:iron_pickaxe":1,"minecraft:wooden_axe":1,"minecraft:stone_shovel":2},"minecraft:custom":{"minecraft:mob_kills":48,"minecraft:animals_bred":20,"minecraft:open_barrel":27,"minecraft:interact_with_crafting_table":40,"minecraft:leave_game":2,"minecraft:time_since_death":113367,"minecraft:sprint_one_cm":548679,"minecraft:walk_one_cm":1060522,"minecraft:drop":25,"minecraft:play_time":420170,"minecraft:deaths":10,"minecraft:sneak_time":34766,"minecraft:walk_under_water_one_cm":19569,"minecraft:jump":2640,"minecraft:walk_on_water_one_cm":19256,"minecraft:total_world_time":420170,"minecraft:interact_with_furnace":45,"minecraft:interact_with_stonecutter":37,"minecraft:sleep_in_bed":17,"minecraft:time_since_rest":16040,"minecraft:damage_taken":7231,"minecraft:damage_dealt":8342,"minecraft:swim_one_cm":25716,"minecraft:fly_one_cm":377711,"minecraft:open_chest":143,"minecraft:crouch_one_cm":65573,"minecraft:fall_one_cm":74235},"minecraft:dropped":{"minecraft:granite":3,"minecraft:spruce_fence_gate":2,"minecraft:oxeye_daisy":18,"minecraft:dirt":1,"minecraft:diorite":1,"minecraft:string":1,"minecraft:coarse_dirt":1,"minecraft:raw_copper":19,"minecraft:rotten_flesh":45,"minecraft:light_gray_dye":8},"minecraft:killed_by":{"minecraft:skeleton":1,"minecraft:zombie":6},"minecraft:picked_up":{"minecraft:coarse_dirt":1,"minecraft:iron_chestplate":3,"minecraft:crafting_table":7,"minecraft:wheat":82,"minecraft:chicken":4,"mcwbridges:spruce_log_bridge_stair":25,"minecraft:brown_mushroom":10,"minecraft:lead":2,"minecraft:wooden_pickaxe":1,"minecraft:raw_copper":210,"minecraft:string":5,"minecraft:moss_carpet":10,"minecraft:iron_axe":3,"minecraft:cooked_salmon":1,"minecraft:bucket":3,"minecraft:spruce_planks":354,"minecraft:redstone_torch":1,"mcwbridges:bridge_torch":2,"sawmill:sawmill":2,"minecraft:iron_pickaxe":1,"minecraft:spruce_slab":25,"minecraft:chest":8,"minecraft:egg":4,"minecraft:furnace":1,"minecraft:stick":200,"minecraft:raw_iron":30,"minecraft:spruce_stairs":52,"minecraft:torch":84,"minecraft:spruce_fence":8,"mcwroofs:spruce_attic_roof":3,"minecraft:diorite":1,"minecraft:redstone":65,"minecraft:arrow":10,"minecraft:stone_shovel":2,"minecraft:rotten_flesh":46,"mcwroofs:spruce_steep_roof":13,"minecraft:cod":2,"minecraft:cobblestone":78,"minecraft:oxeye_daisy":103,"minecraft:feather":6,"minecraft:andesite":4,"minecraft:salmon":4,"minecraft:leather":11,"minecraft:red_mushroom":8,"mcwbridges:spruce_bridge_pier":14,"minecraft:light_gray_dye":60,"minecraft:gunpowder":4,"minecraft:dirt":298,"minecraft:bone":8,"mcwdoors:birch_barn_door":2,"minecraft:rabbit_hide":2,"minecraft:wheat_seeds":290,"minecraft:iron_ingot":1,"toms_storage:basic_inventory_hopper":2,"minecraft:stone_pickaxe":1,"minecraft:rabbit":1,"mcwdoors:spruce_barn_door":6,"mcwroofs:spruce_upper_lower_roof":23,"minecraft:iron_sword":3,"mcwroofs:spruce_planks_steep_roof":6,"mcwroofs:spruce_lower_roof":13,"minecraft:sand":44,"minecraft:stripped_spruce_log":1,"minecraft:spruce_sapling":138,"minecraft:spruce_log":510,"minecraft:white_bed":6,"minecraft:grass_block":194,"minecraft:barrel":12,"minecraft:spider_eye":1,"minecraft:mossy_cobblestone":12,"minecraft:iron_hoe":2,"minecraft:spruce_fence_gate":7,"mcwpaths:spruce_planks_path":36,"mcwroofs:spruce_roof":3,"minecraft:granite":13,"minecraft:bone_meal":2,"minecraft:emerald":80,"minecraft:coal":324,"mcwroofs:spruce_top_roof":8},"minecraft:mined":{"minecraft:mossy_cobblestone":12,"minecraft:farmland":1,"minecraft:spruce_planks":203,"minecraft:white_bed":5,"minecraft:granite":4,"minecraft:spruce_fence":3,"minecraft:grass_block":223,"sawmill:sawmill":2,"mcwroofs:spruce_steep_roof":14,"minecraft:spruce_leaves":73,"minecraft:red_mushroom":4,"minecraft:oxeye_daisy":88,"minecraft:spruce_sapling":4,"minecraft:furnace":1,"minecraft:barrel":8,"mcwroofs:spruce_top_roof":8,"minecraft:andesite":4,"minecraft:stripped_spruce_log":1,"minecraft:moss_carpet":1,"mcwdoors:spruce_barn_door":6,"mcwroofs:spruce_lower_roof":11,"minecraft:stone":36,"minecraft:spruce_slab":6,"minecraft:brown_mushroom":9,"mcwroofs:spruce_upper_lower_roof":26,"mcwbridges:spruce_bridge_pier":14,"minecraft:crafting_table":3,"minecraft:torch":5,"mcwbridges:spruce_log_bridge_stair":11,"minecraft:short_grass":172,"minecraft:chest":3,"minecraft:cobblestone":5,"minecraft:tall_grass":46,"minecraft:wall_torch":7,"mcwroofs:spruce_planks_steep_roof":6,"minecraft:spruce_stairs":12,"minecraft:coarse_dirt":1,"minecraft:wheat":94,"minecraft:spruce_log":142,"mcwroofs:spruce_attic_roof":3,"minecraft:sand":44,"minecraft:dirt":48,"mcwroofs:spruce_roof":8,"mcwpaths:spruce_planks_path":12,"minecraft:spruce_fence_gate":1,"minecraft:fern":1}},"DataVersion":3953}