{"stats":{"minecraft:dropped":{"minecraft:rotten_flesh":2},"minecraft:mined":{"additional_lights:fire_for_standing_torch_s":4,"minecraft:jungle_leaves":4,"minecraft:torch":1,"minecraft:short_grass":1,"minecraft:grass_block":3,"minecraft:oak_log":1,"minecraft:vine":3,"minecraft:jungle_log":13,"minecraft:cobblestone":1,"minecraft:stone":90,"minecraft:wall_torch":1},"minecraft:killed_by":{"minecraft:zombie":2},"minecraft:custom":{"minecraft:time_since_rest":5842,"minecraft:sprint_one_cm":72060,"minecraft:damage_taken":911,"minecraft:walk_one_cm":122776,"minecraft:mob_kills":1,"minecraft:drop":2,"minecraft:damage_dealt":243,"minecraft:talked_to_villager":5,"minecraft:swim_one_cm":45093,"minecraft:interact_with_crafting_table":4,"minecraft:fly_one_cm":63202,"minecraft:open_chest":7,"minecraft:crouch_one_cm":1993,"minecraft:play_time":40413,"minecraft:deaths":2,"minecraft:sneak_time":1462,"minecraft:walk_under_water_one_cm":3021,"minecraft:jump":407,"minecraft:leave_game":2,"minecraft:walk_on_water_one_cm":5026,"minecraft:time_since_death":23607,"minecraft:sleep_in_bed":2,"minecraft:climb_one_cm":4124,"minecraft:total_world_time":40413,"minecraft:fall_one_cm":9241},"minecraft:used":{"minecraft:villager_spawn_egg":1,"minecraft:bread":9,"minecraft:stone_pickaxe":89,"minecraft:jungle_log":4,"minecraft:wooden_pickaxe":3,"minecraft:torch":7,"minecraft:cobblestone":9,"additional_lights:fire_for_standing_torch_s":5,"minecraft:crafting_table":1},"minecraft:crafted":{"minecraft:oak_planks":4,"minecraft:crafting_table":1,"minecraft:stick":12,"minecraft:wooden_pickaxe":1,"minecraft:stone_pickaxe":1,"additional_lights:fire_for_standing_torch_s":1,"minecraft:torch":32,"minecraft:jungle_planks":92},"minecraft:picked_up":{"minecraft:cocoa_beans":6,"minecraft:raw_iron":4,"minecraft:jungle_log":30,"minecraft:brown_wool":1,"minecraft:fern":1,"minecraft:torch":2,"additional_lights:fire_for_standing_torch_s":4,"minecraft:oak_log":2,"minecraft:dirt":3,"minecraft:rotten_flesh":2,"minecraft:bread":16,"minecraft:melon_slice":5,"minecraft:mutton":4,"minecraft:coal":20,"minecraft:white_wool":2,"minecraft:cobblestone":90,"minecraft:egg":2}},"DataVersion":3953}