{"stats":{"minecraft:used":{"minecraft:beetroot":2,"minecraft:tuff_bricks":11,"mcwbridges:stone_brick_bridge":2,"additional_lights:standing_torch_s_stone_bricks":2,"mcwpaths:andesite_flagstone_path":4,"minecraft:chiseled_tuff":2,"minecraft:spruce_slab":111,"minecraft:poppy":24,"minecraft:chest":161,"mcwtrpdoors:spruce_beach_trapdoor":1,"minecraft:stone":14,"minecraft:farmland":13,"mcwtrpdoors:spruce_mystic_trapdoor":2,"minecraft:lily_of_the_valley":4,"mcwdoors:iron_portcullis":33,"mcwdoors:wooden_portcullis":10,"minecraft:azure_bluet":1,"minecraft:stripped_spruce_log":1323,"mcwpaths:andesite_dumble_paving":2,"minecraft:spruce_boat":8,"minecraft:lava_bucket":11,"minecraft:villager_spawn_egg":1,"minecraft:red_wool":9,"minecraft:black_stained_glass_pane":24,"minecraft:grass_block":606,"additional_lights:al_torch_dark_oak_planks":4,"minecraft:polished_andesite_stairs":18,"minecraft:dark_oak_slab":252,"toms_storage:inventory_cable":12,"minecraft:stone_brick_stairs":43,"minecraft:bow":25,"mcwwindows:spruce_blinds":8,"minecraft:ominous_bottle":1,"minecraft:sweet_berries":6,"minecraft:furnace":6,"minecraft:oak_sapling":20,"minecraft:cooked_cod":3,"mcwdoors:spruce_stable_door":2,"minecraft:egg":3,"minecraft:potato":56,"additional_lights:fire_for_fire_pit_s":2,"mcwdoors:spruce_paper_door":2,"minecraft:spruce_door":4,"minecraft:copper_door":1,"minecraft:brick_wall":8,"mcwroofs:dark_oak_planks_upper_steep_roof":110,"minecraft:wooden_pickaxe":19,"mcwpaths:andesite_windmill_weave_path":4,"minecraft:composter":2,"mcwdoors:spruce_barn_door":10,"mcwroofs:spruce_steep_roof":51,"mcwroofs:dark_oak_planks_upper_lower_roof":260,"minecraft:dark_oak_trapdoor":42,"mcwdoors:spruce_japanese_door":2,"additional_lights:standing_torch_l_red_nether_bricks":1,"minecraft:blast_furnace":8,"mcwtrpdoors:oak_swamp_trapdoor":2,"additional_lights:standing_torch_l_stone_bricks":1,"minecraft:lightning_rod":3,"mcwroofs:dark_oak_planks_top_roof":98,"mcwdoors:spruce_modern_door":2,"mcwroofs:spruce_lower_roof":78,"minecraft:stone_button":1,"minecraft:polished_granite":10,"mcwpaths:andesite_basket_weave_paving":10,"minecraft:polished_andesite_slab":15,"minecraft:diamond_sword":74,"mcwpaths:mud_brick_running_bond":1,"minecraft:smithing_table":1,"mcwdoors:spruce_classic_door":2,"minecraft:dark_oak_fence":59,"mcwdoors:spruce_four_panel_door":2,"mcwroofs:dark_oak_planks_roof":1033,"minecraft:oak_trapdoor":14,"minecraft:iron_bars":5,"minecraft:enchanting_table":1,"minecraft:armor_stand":3,"minecraft:light_gray_carpet":10,"minecraft:cooked_salmon":4,"minecraft:trial_key":1,"minecraft:netherrack":15,"additional_lights:al_lamp_dark_oak_planks":2,"minecraft:torch":489,"minecraft:warped_wart_block":143,"minecraft:oak_fence_gate":3,"mcwbridges:oak_rail_bridge":23,"minecraft:iron_axe":1288,"mcwwindows:spruce_window":11,"minecraft:brick_stairs":7,"mcwdoors:warped_glass_door":2,"minecraft:barrel":36,"additional_lights:fire_pit_s_stone_bricks":3,"minecraft:glowstone":1,"mcwroofs:dark_oak_planks_steep_roof":112,"minecraft:iron_trapdoor":2,"minecraft:podzol":2,"minecraft:cobbled_deepslate":53,"minecraft:golden_axe":32,"additional_lights:standing_torch_l_polished_andesite":7,"mcwbridges:rope_oak_bridge":57,"additional_lights:standing_torch_s_polished_andesite":3,"minecraft:wheat_seeds":395,"minecraft:water_bucket":9,"minecraft:warped_stem":56,"mcwbridges:nether_bricks_bridge":5,"mcwdoors:metal_door":4,"mcwpaths:andesite_square_paving":10,"mcwbridges:warped_rope_bridge_stair":1,"toms_storage:inventory_connector":4,"minecraft:cauldron":2,"minecraft:sheep_spawn_egg":2,"minecraft:spruce_fence_gate":11,"mcwtrpdoors:spruce_barn_trapdoor":1,"additional_lights:fire_pit_l_polished_andesite":4,"minecraft:crafting_table":7,"mcwdoors:spruce_mystic_door":2,"minecraft:campfire":41,"minecraft:white_bed":10,"minecraft:spruce_log":880,"mcwwindows:spruce_window2":12,"minecraft:oak_log":87,"minecraft:diamond_pickaxe":2803,"minecraft:oxeye_daisy":13,"mcwpaths:andesite_running_bond_path":4,"minecraft:ominous_trial_key":2,"mcwpaths:spruce_planks_path":81,"minecraft:iron_pickaxe":888,"minecraft:spruce_trapdoor":162,"minecraft:spruce_sapling":103,"minecraft:cobblestone":266,"additional_lights:fire_pit_l_mossy_stone_bricks":1,"minecraft:andesite_stairs":1,"minecraft:glass_pane":157,"minecraft:candle":26,"mcwtrpdoors:acacia_paper_trapdoor":2,"minecraft:cherry_sapling":5,"minecraft:iron_shovel":914,"mcwroofs:spruce_planks_steep_roof":6,"mcwtrpdoors:spruce_barred_trapdoor":1,"minecraft:decorated_pot":14,"minecraft:shield":40,"minecraft:iron_sword":608,"additional_lights:fire_pit_l_polished_blackstone":1,"minecraft:spruce_leaves":79,"mcwpaths:mud_brick_square_paving":2,"minecraft:carrot":4,"minecraft:waxed_copper_grate":9,"mcwbridges:spruce_bridge_pier":40,"minecraft:tuff":124,"minecraft:beehive":2,"minecraft:obsidian":12,"minecraft:glass":62,"minecraft:waxed_oxidized_copper":8,"minecraft:bricks":63,"minecraft:spruce_wood":24,"minecraft:lantern":36,"mcwwindows:red_curtain":9,"mcwroofs:stone_bricks_roof":13,"minecraft:stone_bricks":252,"mcwdoors:spruce_western_door":3,"mcwroofs:spruce_attic_roof":4,"mcwpaths:andesite_clover_paving":3,"mcwwindows:crimson_plank_parapet":4,"mcwdoors:oak_japanese_door":2,"toms_storage:basic_inventory_hopper":8,"mcwroofs:spruce_upper_lower_roof":94,"minecraft:dark_oak_sapling":10,"minecraft:dark_oak_stairs":181,"mcwroofs:dark_oak_planks_lower_roof":162,"minecraft:dropper":2,"minecraft:stone_pickaxe":12,"minecraft:dark_oak_sign":36,"minecraft:ender_pearl":1,"minecraft:sugar_cane":64,"additional_lights:al_lamp_magenta_wool":1,"minecraft:loom":2,"additional_lights:al_lamp_iron_block":1,"minecraft:stone_brick_wall":2,"minecraft:black_bed":5,"minecraft:shears":2,"minecraft:redstone_torch":4,"mcwtrpdoors:birch_glass_trapdoor":3,"mcwroofs:spruce_top_roof":18,"mcwbridges:iron_bridge_stair":1,"minecraft:bread":10,"mcwroofs:spruce_roof":44,"minecraft:gravel":23,"mcwbridges:balustrade_andesite_bridge":14,"mcwbridges:asian_red_bridge_pier":3,"minecraft:cooked_rabbit":1,"minecraft:andesite":56,"minecraft:chain":62,"minecraft:coarse_dirt":63,"minecraft:bone_meal":179,"minecraft:golden_pickaxe":23,"mcwdoors:birch_barn_door":15,"minecraft:netherite_sword":4,"minecraft:rose_bush":2,"mcwbridges:spruce_log_bridge_stair":9,"minecraft:flint_and_steel":49,"additional_lights:fire_pit_l_end_stone_bricks":1,"minecraft:stone_shovel":281,"toms_storage:level_emitter":5,"minecraft:redstone":10,"minecraft:spruce_planks":1398,"additional_lights:al_lamp_nether_bricks":10,"minecraft:cooked_chicken":2,"minecraft:oak_door":3,"mcwdoors:spruce_barn_glass_door":2,"minecraft:dirt":1061,"minecraft:white_carpet":6,"minecraft:hopper":6,"minecraft:spruce_stairs":101,"mcwtrpdoors:spruce_glass_trapdoor":3,"mcwtrpdoors:spruce_classic_trapdoor":1,"minecraft:spruce_fence":183,"minecraft:granite":1,"mcwdoors:spruce_swamp_door":2,"minecraft:iron_hoe":572,"minecraft:stone_brick_slab":8,"minecraft:dark_oak_planks":23,"minecraft:wooden_axe":37,"minecraft:bookshelf":22,"mcwwindows:spruce_shutter":9,"mcwbridges:end_stone_bricks_bridge_pier":3,"mcwdoors:spruce_japanese2_door":2,"mcwpaths:mud_brick_clover_paving":13,"minecraft:deepslate_tile_stairs":2,"minecraft:white_stained_glass_pane":8,"additional_lights:standing_torch_l_cobblestone":3,"mcwpaths:stone_running_bond":1,"minecraft:cooked_mutton":45,"minecraft:iron_ore":2,"minecraft:polished_andesite":24,"minecraft:baked_potato":80,"mcwpaths:oak_planks_path":10,"mcwdoors:spruce_stable_head_door":2,"toms_storage:storage_terminal":4,"minecraft:spruce_sign":8,"minecraft:stonecutter":3,"minecraft:waxed_copper_block":3,"mcwpaths:mud_brick_running_bond_path":22,"mcwtrpdoors:spruce_blossom_trapdoor":4,"mcwwindows:spruce_plank_window2":1,"minecraft:dark_oak_door":9,"minecraft:smoker":8,"mcwtrpdoors:oak_blossom_trapdoor":16,"minecraft:flower_pot":6,"mcwpaths:birch_planks_path":2,"mcwbridges:bridge_torch":39,"sawmill:sawmill":5,"mcwdoors:spruce_waffle_door":2,"mcwtrpdoors:spruce_four_panel_trapdoor":1,"additional_lights:al_torch_spruce_planks":1,"minecraft:red_banner":11,"minecraft:bucket":22,"mcwdoors:spruce_beach_door":3},"minecraft:crafted":{"minecraft:cactus":1,"minecraft:loom":1,"minecraft:bookshelf":22,"minecraft:cooked_mutton":13,"minecraft:glass":44,"minecraft:melon_seeds":1,"minecraft:cooked_rabbit":1,"minecraft:emerald":9,"minecraft:copper_ingot":72,"minecraft:hay_block":41,"minecraft:dark_oak_sapling":4,"minecraft:iron_pickaxe":2,"minecraft:gold_ingot":18,"minecraft:light_gray_dye":72,"minecraft:composter":2,"minecraft:spruce_fence_gate":4,"sawmill:sawmill":1,"minecraft:stone_shovel":2,"minecraft:iron_nugget":9,"minecraft:brick_stairs":20,"minecraft:bone_meal":720,"minecraft:spruce_fence":27,"minecraft:spruce_stairs":48,"mcwroofs:spruce_planks_steep_roof":4,"minecraft:spruce_slab":120,"minecraft:stone_pickaxe":1,"minecraft:wheat":567,"minecraft:enchanting_table":1,"mcwroofs:spruce_upper_lower_roof":18,"mcwdoors:spruce_barn_door":2,"mcwroofs:spruce_attic_roof":2,"minecraft:wooden_axe":1,"minecraft:black_stained_glass_pane":32,"minecraft:iron_shovel":2,"minecraft:iron_leggings":2,"mcwroofs:spruce_steep_roof":20,"minecraft:brick":35,"mcwbridges:spruce_bridge_pier":10,"minecraft:oak_planks":4,"minecraft:barrel":3,"minecraft:cooked_chicken":2,"minecraft:lightning_rod":1,"mcwroofs:spruce_roof":22,"minecraft:iron_boots":2,"minecraft:chest":10,"minecraft:bricks":304,"minecraft:dropper":1,"minecraft:crafting_table":3,"minecraft:spruce_planks":644,"minecraft:wooden_pickaxe":1,"minecraft:baked_potato":21,"minecraft:iron_helmet":2,"mcwroofs:spruce_top_roof":21,"mcwroofs:roofing_hammer":1,"minecraft:sea_pickle":2,"minecraft:spruce_trapdoor":26,"minecraft:book":12,"minecraft:iron_chestplate":2,"minecraft:diamond_pickaxe":3,"minecraft:shield":1,"minecraft:stick":32,"minecraft:iron_ingot":162,"mcwpaths:spruce_planks_path":36,"minecraft:shears":2,"minecraft:small_dripleaf":2,"minecraft:coal":72,"minecraft:beehive":1,"minecraft:furnace":4,"mcwroofs:spruce_lower_roof":20,"minecraft:glass_pane":48,"mcwbridges:spruce_log_bridge_stair":16,"minecraft:iron_axe":2,"minecraft:iron_hoe":1,"minecraft:cooked_cod":2,"minecraft:bone_block":63,"minecraft:diamond_sword":1,"minecraft:iron_sword":3,"minecraft:cooked_salmon":4,"minecraft:bucket":3,"minecraft:air":0,"minecraft:bread":68,"minecraft:black_stained_glass":64,"minecraft:white_dye":3,"minecraft:stonecutter":1,"minecraft:torch":148},"minecraft:picked_up":{"minecraft:wooden_axe":2,"minecraft:iron_chestplate":14,"minecraft:flower_pot":6,"minecraft:diamond_sword":2,"minecraft:lead":17,"minecraft:stone_slab":1,"minecraft:oak_stairs":24,"minecraft:enchanted_book":3,"minecraft:amethyst_block":58,"minecraft:string":131,"minecraft:dark_oak_trapdoor":3,"minecraft:cooked_salmon":1,"minecraft:shroomlight":12,"minecraft:cobbled_deepslate":2398,"minecraft:spruce_planks":703,"minecraft:trial_key":5,"mcwbridges:bridge_torch":2,"minecraft:coal_block":12,"minecraft:dark_oak_door":2,"minecraft:beehive":1,"minecraft:big_dripleaf":28,"minecraft:lightning_rod":1,"minecraft:golden_axe":1,"minecraft:cherry_log":11,"minecraft:waxed_copper_grate":19,"minecraft:golden_chestplate":1,"minecraft:honey_bottle":1,"minecraft:blaze_rod":1,"minecraft:snowball":8,"minecraft:birch_log":6,"minecraft:magma_block":7,"minecraft:feather":17,"minecraft:cooked_beef":10,"minecraft:water_bucket":4,"minecraft:flint":42,"minecraft:map":2,"minecraft:lantern":5,"minecraft:twisting_vines":3,"minecraft:stonecutter":1,"minecraft:dark_oak_sign":6,"minecraft:rabbit":2,"minecraft:glowstone_dust":50,"minecraft:moss_block":127,"minecraft:honeycomb":9,"mcwroofs:spruce_lower_roof":62,"minecraft:warped_wart_block":233,"minecraft:dropper":2,"minecraft:stripped_spruce_log":117,"minecraft:loom":1,"minecraft:dark_oak_log":298,"minecraft:barrel":14,"minecraft:iron_hoe":6,"minecraft:deepslate":1216,"minecraft:granite":43,"minecraft:bread":82,"minecraft:bricks":67,"minecraft:dark_oak_fence":3,"minecraft:ominous_trial_key":4,"minecraft:diamond_pickaxe":6,"minecraft:crafting_table":8,"minecraft:coarse_dirt":56,"minecraft:ominous_bottle":4,"minecraft:nether_wart":39,"minecraft:clay_ball":1216,"minecraft:golden_pickaxe":1,"mcwbridges:spruce_log_bridge_stair":32,"minecraft:music_disc_creator":2,"minecraft:wind_charge":48,"minecraft:cornflower":5,"minecraft:flow_banner_pattern":2,"minecraft:flint_and_steel":2,"minecraft:white_carpet":2,"minecraft:iron_shovel":7,"minecraft:glass_pane":42,"minecraft:cracked_stone_bricks":1,"mcwroofs:roofing_hammer":1,"sawmill:sawmill":2,"minecraft:chiseled_tuff":2,"minecraft:iron_nugget":4,"minecraft:poppy":1,"minecraft:spruce_slab":80,"minecraft:chest":30,"minecraft:birch_sapling":3,"minecraft:waxed_oxidized_copper":17,"minecraft:egg":84,"minecraft:stone":2,"minecraft:oak_door":1,"minecraft:spruce_fence":39,"minecraft:fire_charge":5,"minecraft:flow_pottery_sherd":1,"mcwroofs:spruce_attic_roof":8,"minecraft:carrot":64,"minecraft:redstone":527,"minecraft:stone_shovel":2,"minecraft:diamond_chestplate":1,"minecraft:decorated_pot":16,"minecraft:shears":2,"minecraft:deepslate_bricks":1152,"minecraft:hay_block":63,"mcwwindows:spruce_shutter":1,"minecraft:gold_ingot":13,"mcwroofs:spruce_steep_roof":66,"minecraft:tuff_bricks":39,"minecraft:mutton":56,"minecraft:oxeye_daisy":133,"minecraft:rail":33,"minecraft:bone_block":109,"minecraft:white_wool":43,"minecraft:red_mushroom":42,"minecraft:oak_log":318,"minecraft:white_banner":2,"minecraft:apple":14,"minecraft:stone_bricks":140,"minecraft:warped_stem":100,"minecraft:stone_pickaxe":1,"minecraft:oak_fence_gate":1,"mcwroofs:spruce_upper_lower_roof":65,"minecraft:iron_sword":11,"mcwroofs:spruce_planks_steep_roof":6,"minecraft:flowering_azalea":1,"minecraft:dark_oak_stairs":22,"minecraft:smooth_basalt":23,"minecraft:sweet_berries":22,"minecraft:red_wool":4,"minecraft:spyglass":2,"minecraft:gravel":341,"minecraft:spruce_sapling":437,"minecraft:spruce_log":3347,"minecraft:crying_obsidian":1,"minecraft:polished_tuff":9,"minecraft:firework_rocket":4,"minecraft:slime_ball":185,"minecraft:gray_wool":2,"minecraft:warped_roots":21,"minecraft:baked_potato":123,"minecraft:melon_seeds":1,"minecraft:warped_nylium":2,"minecraft:hopper":3,"minecraft:ender_pearl":2,"minecraft:wheat":263,"minecraft:potion":2,"minecraft:stone_brick_stairs":57,"minecraft:waxed_cut_copper_slab":1,"minecraft:raw_copper":253,"minecraft:smooth_stone_slab":5,"minecraft:iron_leggings":9,"minecraft:sea_pickle":2,"minecraft:bucket":6,"minecraft:redstone_torch":1,"minecraft:calcite":20,"minecraft:azalea":2,"minecraft:iron_pickaxe":9,"minecraft:furnace":3,"minecraft:iron_boots":8,"minecraft:tipped_arrow":13,"minecraft:stick":621,"minecraft:deepslate_brick_wall":26,"minecraft:torch":484,"minecraft:spruce_stairs":65,"minecraft:diorite":88,"minecraft:cactus":1,"minecraft:rotten_flesh":140,"minecraft:deepslate_brick_stairs":12,"minecraft:obsidian":20,"minecraft:cod":2,"minecraft:cobblestone":469,"minecraft:pink_petals":44,"minecraft:leather_chestplate":1,"minecraft:andesite":39,"minecraft:black_bed":3,"minecraft:potato":191,"minecraft:tuff":98,"minecraft:light_gray_dye":124,"minecraft:dirt":994,"minecraft:lapis_lazuli":268,"minecraft:glass":60,"minecraft:bone":70,"mcwdoors:birch_barn_door":2,"minecraft:bow":7,"minecraft:raw_gold":18,"minecraft:wheat_seeds":828,"minecraft:small_dripleaf":2,"toms_storage:basic_inventory_hopper":2,"minecraft:scrape_pottery_sherd":2,"minecraft:oak_planks":30,"minecraft:poisonous_potato":1,"minecraft:waxed_chiseled_copper":2,"minecraft:sand":44,"minecraft:nether_brick_stairs":1,"minecraft:grass_block":194,"minecraft:mossy_cobblestone":28,"minecraft:spruce_fence_gate":19,"mcwpaths:spruce_planks_path":54,"minecraft:spruce_boat":4,"minecraft:diamond":29,"mcwroofs:spruce_roof":63,"minecraft:breeze_rod":12,"minecraft:bone_meal":9,"minecraft:golden_apple":2,"minecraft:emerald":110,"minecraft:oak_sapling":146,"minecraft:netherrack":109,"mcwroofs:spruce_top_roof":10,"minecraft:charcoal":8,"minecraft:allium":13,"minecraft:azure_bluet":2,"minecraft:chicken":5,"minecraft:brown_mushroom":10,"minecraft:wooden_pickaxe":1,"minecraft:pink_wool":6,"minecraft:gold_block":2,"minecraft:brick":35,"minecraft:shield":8,"minecraft:oak_trapdoor":4,"minecraft:moss_carpet":30,"minecraft:iron_axe":12,"minecraft:birch_fence":2,"minecraft:candle":28,"minecraft:light_gray_wool":12,"minecraft:sugar_cane":130,"minecraft:spruce_trapdoor":62,"minecraft:dark_oak_sapling":6,"minecraft:raw_iron":305,"minecraft:bamboo_hanging_sign":4,"minecraft:stone_button":1,"minecraft:dark_oak_planks":10,"minecraft:arrow":180,"minecraft:nether_bricks":58,"minecraft:saddle":1,"minecraft:brick_stairs":3,"minecraft:golden_carrot":10,"minecraft:glow_ink_sac":4,"minecraft:salmon":4,"minecraft:leather":13,"mcwbridges:spruce_bridge_pier":38,"minecraft:crimson_fungus":1,"minecraft:waxed_copper_block":8,"minecraft:gunpowder":11,"minecraft:cobblestone_stairs":12,"minecraft:cooked_mutton":65,"minecraft:rabbit_hide":4,"minecraft:iron_ingot":23,"minecraft:cooked_chicken":8,"mcwdoors:spruce_barn_door":8,"minecraft:soul_sand":10,"minecraft:book":53,"minecraft:scaffolding":3,"minecraft:warped_fungus":3,"minecraft:emerald_block":1,"minecraft:pumpkin":12,"minecraft:stone_brick_slab":4,"minecraft:dripstone_block":1,"minecraft:lava_bucket":2,"minecraft:amethyst_shard":26,"minecraft:red_banner":10,"minecraft:white_bed":8,"minecraft:spruce_door":4,"minecraft:spider_eye":35,"minecraft:iron_helmet":10,"minecraft:cherry_sapling":5,"minecraft:coal":1464,"minecraft:chiseled_tuff_bricks":2},"minecraft:dropped":{"minecraft:iron_sword":2,"minecraft:ominous_bottle":2,"minecraft:crafting_table":1,"minecraft:warped_roots":2,"minecraft:dirt":305,"minecraft:birch_fence":2,"minecraft:iron_pickaxe":1,"minecraft:dark_oak_planks":10,"minecraft:bone":23,"minecraft:waxed_cut_copper_slab":1,"minecraft:cobbled_deepslate":1668,"minecraft:birch_sapling":3,"minecraft:rotten_flesh":117,"minecraft:oak_planks":25,"minecraft:azure_bluet":1,"minecraft:white_bed":1,"mcwroofs:spruce_roof":60,"mcwroofs:spruce_lower_roof":49,"minecraft:glass":10,"minecraft:egg":13,"minecraft:iron_ingot":34,"minecraft:wheat_seeds":21,"minecraft:deepslate_brick_wall":26,"minecraft:iron_helmet":4,"minecraft:cobblestone":49,"minecraft:waxed_copper_grate":2,"minecraft:granite":3,"mcwbridges:spruce_bridge_pier":6,"minecraft:coal":4,"minecraft:oxeye_daisy":38,"minecraft:wooden_axe":4,"minecraft:rabbit":1,"mcwroofs:spruce_top_roof":1,"minecraft:oak_stairs":24,"minecraft:pumpkin":12,"minecraft:paper":9,"minecraft:iron_shovel":4,"minecraft:string":39,"minecraft:spruce_sapling":48,"minecraft:furnace":1,"minecraft:moss_carpet":13,"minecraft:deepslate":66,"minecraft:iron_boots":1,"minecraft:stone_slab":1,"minecraft:spruce_fence":6,"minecraft:flower_pot":3,"minecraft:spruce_planks":134,"minecraft:spider_eye":9,"minecraft:light_gray_dye":8,"minecraft:bow":3,"minecraft:moss_block":8,"minecraft:dark_oak_stairs":19,"minecraft:oak_log":89,"minecraft:baked_potato":62,"mcwroofs:spruce_upper_lower_roof":41,"minecraft:loom":1,"minecraft:red_wool":2,"mcwroofs:spruce_attic_roof":2,"minecraft:cobblestone_stairs":8,"minecraft:dark_oak_log":251,"minecraft:cooked_cod":45,"minecraft:birch_log":6,"minecraft:gravel":264,"minecraft:spyglass":1,"minecraft:poppy":1,"minecraft:rabbit_hide":1,"minecraft:leather_chestplate":1,"minecraft:azalea":2,"minecraft:arrow":16,"minecraft:water_bucket":1,"minecraft:mossy_cobblestone":2,"minecraft:polished_tuff":3,"minecraft:amethyst_block":1,"minecraft:ominous_trial_key":2,"minecraft:stick":13,"minecraft:spruce_fence_gate":2,"minecraft:deepslate_brick_stairs":12,"minecraft:diorite":2,"minecraft:torch":15,"minecraft:waxed_oxidized_copper":2,"minecraft:iron_leggings":2,"minecraft:flowering_azalea":1,"minecraft:stonecutter":1,"minecraft:iron_axe":4,"minecraft:bucket":1,"minecraft:smooth_basalt":3,"minecraft:tuff_bricks":1,"minecraft:coarse_dirt":1,"minecraft:raw_copper":19,"minecraft:tuff":54,"minecraft:raw_iron":2,"minecraft:shield":2,"minecraft:diamond_chestplate":1,"minecraft:iron_chestplate":1,"minecraft:pink_wool":3,"minecraft:oak_sapling":72,"minecraft:waxed_chiseled_copper":2,"minecraft:spruce_log":130,"minecraft:brick":4},"minecraft:killed":{"minecraft:cave_spider":3,"minecraft:cod":2,"minecraft:skeleton":42,"minecraft:chicken":6,"minecraft:tropical_fish":1,"minecraft:salmon":4,"minecraft:pillager":9,"minecraft:zombie":95,"minecraft:cow":1,"minecraft:rabbit":2,"minecraft:wandering_trader":1,"minecraft:breeze":5,"minecraft:enderman":3,"minecraft:spider":65,"minecraft:silverfish":10,"minecraft:zombie_villager":7,"minecraft:creeper":26,"minecraft:sheep":30,"minecraft:trader_llama":2,"minecraft:stray":11,"minecraft:blaze":2,"minecraft:slime":227,"minecraft:phantom":1,"minecraft:drowned":4},"minecraft:custom":{"minecraft:interact_with_crafting_table":118,"minecraft:open_barrel":69,"minecraft:leave_game":29,"minecraft:time_since_death":39182,"minecraft:damage_blocked_by_shield":2657,"minecraft:play_time":2244385,"minecraft:deaths":24,"minecraft:jump":12647,"minecraft:enchant_item":2,"minecraft:interact_with_furnace":122,"minecraft:traded_with_villager":9,"minecraft:sleep_in_bed":70,"minecraft:damage_dealt":58315,"minecraft:interact_with_smoker":14,"minecraft:inspect_dispenser":9,"minecraft:interact_with_smithing_table":1,"minecraft:inspect_dropper":1,"minecraft:inspect_hopper":17,"minecraft:sneak_time":102220,"minecraft:interact_with_blast_furnace":1,"minecraft:total_world_time":2244385,"minecraft:interact_with_stonecutter":51,"minecraft:time_since_rest":39209,"minecraft:swim_one_cm":133089,"minecraft:fly_one_cm":3234115,"minecraft:open_chest":1364,"minecraft:fall_one_cm":318802,"minecraft:animals_bred":43,"minecraft:sprint_one_cm":2990239,"minecraft:drop":286,"minecraft:talked_to_villager":13,"minecraft:walk_on_water_one_cm":116095,"minecraft:interact_with_loom":1,"minecraft:crouch_one_cm":218204,"minecraft:mob_kills":576,"minecraft:climb_one_cm":16167,"minecraft:walk_one_cm":4630608,"minecraft:walk_under_water_one_cm":99819,"minecraft:boat_one_cm":81925,"minecraft:pot_flower":6,"minecraft:interact_with_grindstone":1,"minecraft:damage_taken":26245},"minecraft:mined":{"minecraft:white_bed":6,"minecraft:obsidian":17,"minecraft:granite":21,"minecraft:coal_block":8,"minecraft:deepslate_tile_stairs":2,"minecraft:hopper":3,"minecraft:crimson_fungus":1,"minecraft:nether_wart":10,"minecraft:oxeye_daisy":111,"minecraft:tall_seagrass":3,"minecraft:magma_block":8,"minecraft:dark_oak_trapdoor":4,"minecraft:cobbled_deepslate":4,"minecraft:fire":23,"minecraft:barrel":10,"minecraft:moss_carpet":8,"minecraft:dirt_path":11,"minecraft:brown_mushroom":9,"mcwbridges:spruce_bridge_pier":26,"minecraft:amethyst_cluster":6,"minecraft:torch":36,"minecraft:sugar_cane":58,"minecraft:bricks":3,"minecraft:amethyst_block":66,"minecraft:birch_sapling":1,"mcwroofs:spruce_planks_steep_roof":6,"minecraft:wheat":294,"minecraft:waxed_copper_block":7,"minecraft:black_bed":2,"minecraft:warped_fungus":2,"minecraft:stone_brick_stairs":9,"minecraft:dark_oak_sapling":4,"minecraft:loom":1,"minecraft:smooth_basalt":3,"minecraft:red_mushroom_block":39,"minecraft:stonecutter":1,"minecraft:deepslate":2273,"minecraft:mossy_cobblestone":14,"minecraft:nether_bricks":2,"minecraft:dark_oak_fence":3,"minecraft:allium":13,"minecraft:spruce_fence":25,"minecraft:moss_block":68,"minecraft:red_mushroom":4,"minecraft:waxed_copper_grate":16,"minecraft:andesite":34,"mcwdoors:spruce_barn_door":6,"minecraft:chiseled_tuff":3,"minecraft:potatoes":56,"minecraft:rail":16,"minecraft:warped_stem":15,"minecraft:bone_block":60,"minecraft:glass_pane":2,"minecraft:cornflower":5,"minecraft:short_grass":271,"minecraft:dropper":2,"minecraft:warped_roots":5,"minecraft:campfire":2,"minecraft:lightning_rod":1,"minecraft:tall_grass":48,"minecraft:copper_ore":3,"minecraft:deepslate_gold_ore":2,"minecraft:diorite":84,"minecraft:warped_wart_block":13,"minecraft:coarse_dirt":57,"minecraft:white_carpet":2,"minecraft:spruce_log":151,"minecraft:red_wall_banner":5,"minecraft:gravel":355,"minecraft:cobweb":23,"mcwpaths:spruce_planks_path":21,"minecraft:spruce_fence_gate":3,"minecraft:stone_bricks":10,"minecraft:fern":6,"minecraft:waxed_cut_copper_slab":1,"minecraft:large_amethyst_bud":2,"minecraft:spruce_planks":241,"minecraft:oak_sapling":7,"minecraft:farmland":1,"minecraft:spruce_trapdoor":28,"minecraft:budding_amethyst":9,"minecraft:grass_block":382,"mcwroofs:spruce_steep_roof":14,"minecraft:tuff_bricks":25,"minecraft:glowstone":28,"minecraft:polished_tuff":9,"mcwroofs:spruce_top_roof":8,"minecraft:azure_bluet":2,"minecraft:dark_oak_stairs":3,"mcwroofs:spruce_lower_roof":11,"minecraft:spruce_slab":11,"minecraft:deepslate_redstone_ore":1,"mcwroofs:spruce_upper_lower_roof":27,"minecraft:medium_amethyst_bud":1,"minecraft:clay":312,"mcwbridges:spruce_log_bridge_stair":11,"minecraft:calcite":24,"minecraft:poppy":1,"minecraft:chest":18,"minecraft:mushroom_stem":1,"minecraft:cobblestone":22,"minecraft:oak_planks":3,"minecraft:waxed_chiseled_copper":2,"minecraft:wall_torch":28,"minecraft:pink_petals":15,"minecraft:seagrass":5,"minecraft:warped_nylium":3,"minecraft:dark_oak_door":1,"minecraft:smooth_stone_slab":5,"minecraft:oak_log":35,"minecraft:waxed_oxidized_copper":18,"minecraft:sand":44,"minecraft:dirt":156,"mcwroofs:spruce_roof":8,"minecraft:netherrack":81,"minecraft:oak_leaves":57,"minecraft:crying_obsidian":1,"minecraft:tuff":103,"minecraft:glow_lichen":2,"sawmill:sawmill":3,"minecraft:decorated_pot":21,"minecraft:brick_stairs":3,"minecraft:spruce_leaves":98,"minecraft:large_fern":3,"minecraft:hay_block":63,"minecraft:oak_trapdoor":4,"minecraft:spruce_sapling":58,"minecraft:furnace":3,"minecraft:nether_sprouts":2,"minecraft:stripped_spruce_log":103,"minecraft:gold_block":2,"minecraft:bookshelf":13,"minecraft:shroomlight":3,"minecraft:packed_ice":1,"minecraft:stone":296,"minecraft:podzol":45,"minecraft:flowering_azalea":1,"mcwwindows:spruce_shutter":1,"minecraft:spruce_door":2,"minecraft:crafting_table":4,"minecraft:stone_slab":1,"minecraft:spruce_stairs":25,"minecraft:beehive":1,"minecraft:sweet_berry_bush":6,"mcwroofs:spruce_attic_roof":4,"minecraft:coal_ore":2,"minecraft:small_dripleaf":2,"minecraft:birch_fence":2},"minecraft:broken":{"minecraft:iron_boots":1,"minecraft:iron_chestplate":1,"minecraft:iron_leggings":1,"minecraft:diamond_pickaxe":1,"minecraft:iron_sword":1,"minecraft:iron_axe":9,"minecraft:iron_pickaxe":6,"minecraft:iron_helmet":1,"minecraft:iron_shovel":1,"minecraft:wooden_axe":1,"minecraft:stone_shovel":2,"minecraft:golden_axe":1,"minecraft:golden_pickaxe":1},"minecraft:killed_by":{"minecraft:zombie":6,"minecraft:wither_skeleton":1,"minecraft:creeper":2,"minecraft:spider":1,"minecraft:skeleton":7}},"DataVersion":3953}