{"stats":{"minecraft:broken":{"minecraft:stone_pickaxe":1},"minecraft:dropped":{"minecraft:rotten_flesh":2},"minecraft:mined":{"minecraft:jungle_leaves":9,"minecraft:crafting_table":1,"minecraft:torch":7,"minecraft:short_grass":6,"minecraft:grass_block":4,"minecraft:melon":16,"minecraft:jungle_log":13,"minecraft:copper_ore":9,"minecraft:cobblestone":1,"minecraft:wall_torch":1,"minecraft:furnace":1,"additional_lights:fire_for_standing_torch_s":4,"minecraft:andesite":8,"minecraft:oak_log":1,"minecraft:vine":9,"minecraft:gravel":82,"minecraft:stone":102,"minecraft:fern":2},"minecraft:killed_by":{"minecraft:zombie":2},"minecraft:custom":{"minecraft:interact_with_furnace":2,"minecraft:mob_kills":1,"minecraft:interact_with_crafting_table":6,"minecraft:leave_game":5,"minecraft:time_since_death":49049,"minecraft:sleep_in_bed":2,"minecraft:climb_one_cm":9169,"minecraft:time_since_rest":31284,"minecraft:sprint_one_cm":100860,"minecraft:damage_taken":1171,"minecraft:walk_one_cm":175333,"minecraft:drop":2,"minecraft:damage_dealt":243,"minecraft:swim_one_cm":49961,"minecraft:talked_to_villager":5,"minecraft:fly_one_cm":82300,"minecraft:open_chest":7,"minecraft:crouch_one_cm":2053,"minecraft:play_time":65855,"minecraft:deaths":2,"minecraft:sneak_time":1883,"minecraft:walk_under_water_one_cm":5074,"minecraft:jump":565,"minecraft:walk_on_water_one_cm":11178,"minecraft:total_world_time":65855,"minecraft:fall_one_cm":14200},"minecraft:used":{"minecraft:flint_and_steel":30,"minecraft:stone_shovel":76,"minecraft:stone_pickaxe":116,"minecraft:wooden_pickaxe":3,"minecraft:torch":13,"minecraft:crafting_table":2,"minecraft:villager_spawn_egg":1,"minecraft:melon_slice":5,"minecraft:bread":12,"minecraft:iron_pickaxe":8,"minecraft:jungle_log":4,"minecraft:cobblestone":12,"additional_lights:fire_for_standing_torch_s":5,"minecraft:furnace":1,"minecraft:andesite":8},"minecraft:crafted":{"minecraft:oak_planks":4,"minecraft:stone_shovel":1,"minecraft:crafting_table":2,"minecraft:wooden_pickaxe":1,"minecraft:furnace":1,"additional_lights:fire_for_standing_torch_s":1,"minecraft:air":0,"minecraft:jungle_planks":104,"minecraft:flint_and_steel":1,"minecraft:stick":20,"minecraft:iron_ingot":4,"minecraft:iron_pickaxe":1,"minecraft:stone_pickaxe":2,"minecraft:torch":32},"minecraft:picked_up":{"minecraft:cocoa_beans":24,"minecraft:crafting_table":1,"minecraft:andesite":8,"minecraft:jungle_log":30,"minecraft:fern":1,"minecraft:brown_wool":1,"minecraft:flint":7,"additional_lights:fire_for_standing_torch_s":4,"minecraft:oak_log":2,"minecraft:dirt":4,"minecraft:raw_copper":115,"minecraft:jungle_sapling":1,"minecraft:bamboo":1,"minecraft:melon_slice":87,"minecraft:egg":2,"minecraft:furnace":1,"minecraft:stick":5,"minecraft:raw_iron":4,"minecraft:torch":7,"minecraft:gravel":73,"minecraft:rotten_flesh":2,"minecraft:bread":16,"minecraft:mutton":4,"minecraft:coal":77,"minecraft:white_wool":2,"minecraft:cobblestone":102}},"DataVersion":3953}