{"stats":{"minecraft:used":{"mcwtrpdoors:acacia_paper_trapdoor":2,"mcwdoors:birch_barn_door":15,"minecraft:netherite_sword":4,"mcwbridges:stone_brick_bridge":2,"mcwbridges:spruce_log_bridge_stair":9,"additional_lights:fire_pit_l_end_stone_bricks":1,"additional_lights:standing_torch_s_stone_bricks":2,"minecraft:stone_shovel":281,"minecraft:spruce_slab":86,"minecraft:redstone":10,"toms_storage:level_emitter":5,"mcwroofs:spruce_planks_steep_roof":6,"minecraft:chest":37,"minecraft:spruce_planks":367,"additional_lights:al_lamp_nether_bricks":10,"minecraft:iron_sword":68,"minecraft:cooked_salmon":4,"additional_lights:fire_pit_l_polished_blackstone":1,"minecraft:cooked_chicken":2,"minecraft:torch":38,"additional_lights:al_lamp_dark_oak_planks":2,"minecraft:dirt":261,"minecraft:spruce_stairs":40,"mcwbridges:spruce_bridge_pier":28,"minecraft:spruce_fence":32,"minecraft:iron_hoe":266,"minecraft:wooden_axe":37,"minecraft:grass_block":4,"mcwbridges:end_stone_bricks_bridge_pier":3,"mcwbridges:oak_rail_bridge":23,"minecraft:iron_axe":357,"additional_lights:al_torch_dark_oak_planks":4,"mcwdoors:warped_glass_door":2,"toms_storage:inventory_cable":12,"minecraft:barrel":11,"additional_lights:fire_pit_s_stone_bricks":3,"minecraft:furnace":2,"minecraft:cooked_cod":2,"mcwdoors:oak_japanese_door":2,"toms_storage:basic_inventory_hopper":8,"additional_lights:standing_torch_l_cobblestone":3,"additional_lights:fire_for_fire_pit_s":2,"mcwpaths:stone_running_bond":1,"mcwbridges:rope_oak_bridge":57,"additional_lights:standing_torch_s_polished_andesite":1,"minecraft:wheat_seeds":77,"minecraft:water_bucket":3,"mcwbridges:nether_bricks_bridge":5,"mcwdoors:metal_door":4,"minecraft:copper_door":1,"minecraft:stone_pickaxe":12,"mcwbridges:warped_rope_bridge_stair":1,"toms_storage:storage_terminal":4,"minecraft:wooden_pickaxe":19,"toms_storage:inventory_connector":4,"minecraft:spruce_fence_gate":3,"minecraft:sheep_spawn_egg":2,"mcwdoors:spruce_barn_door":8,"additional_lights:al_lamp_magenta_wool":1,"mcwpaths:mud_brick_running_bond_path":20,"minecraft:crafting_table":3,"additional_lights:al_lamp_iron_block":1,"additional_lights:standing_torch_l_red_nether_bricks":1,"mcwtrpdoors:oak_swamp_trapdoor":2,"minecraft:white_bed":6,"additional_lights:standing_torch_l_stone_bricks":1,"minecraft:spruce_log":47,"minecraft:redstone_torch":4,"mcwtrpdoors:birch_glass_trapdoor":3,"mcwbridges:iron_bridge_stair":1,"mcwroofs:spruce_lower_roof":12,"mcwpaths:spruce_planks_path":36,"mcwbridges:bridge_torch":39,"minecraft:iron_pickaxe":46,"sawmill:sawmill":3,"minecraft:spruce_sapling":46,"minecraft:cobblestone":6,"additional_lights:fire_pit_l_mossy_stone_bricks":1,"mcwpaths:mud_brick_running_bond":1,"mcwbridges:asian_red_bridge_pier":3,"additional_lights:al_torch_spruce_planks":1,"minecraft:cooked_rabbit":1,"minecraft:bucket":3,"minecraft:bone_meal":22},"minecraft:crafted":{"minecraft:stone_shovel":2,"mcwbridges:spruce_bridge_pier":10,"minecraft:barrel":3,"minecraft:cooked_chicken":2,"minecraft:furnace":1,"minecraft:bone_meal":21,"minecraft:spruce_fence":27,"minecraft:spruce_stairs":48,"mcwroofs:spruce_planks_steep_roof":4,"mcwbridges:spruce_log_bridge_stair":16,"minecraft:iron_axe":2,"minecraft:iron_hoe":1,"minecraft:spruce_slab":86,"minecraft:stone_pickaxe":1,"minecraft:chest":4,"minecraft:cooked_rabbit":1,"minecraft:cooked_cod":2,"minecraft:crafting_table":2,"minecraft:spruce_planks":436,"minecraft:wooden_pickaxe":1,"minecraft:iron_sword":1,"minecraft:cooked_salmon":4,"minecraft:bucket":1,"mcwdoors:spruce_barn_door":2,"minecraft:air":0,"minecraft:iron_chestplate":1,"minecraft:stick":12,"minecraft:iron_ingot":25,"minecraft:iron_pickaxe":1,"minecraft:wooden_axe":1,"minecraft:light_gray_dye":72,"mcwpaths:spruce_planks_path":36,"minecraft:spruce_fence_gate":4,"minecraft:torch":44,"sawmill:sawmill":1},"minecraft:killed":{"minecraft:spider":1,"minecraft:cod":2,"minecraft:skeleton":4,"minecraft:chicken":2,"minecraft:zombie_villager":1,"minecraft:salmon":4,"minecraft:rabbit":1,"minecraft:wandering_trader":1,"minecraft:creeper":3,"minecraft:trader_llama":2,"minecraft:zombie":22,"minecraft:enderman":1},"minecraft:broken":{"minecraft:iron_axe":1,"minecraft:iron_pickaxe":1,"minecraft:wooden_axe":1,"minecraft:stone_shovel":2},"minecraft:custom":{"minecraft:mob_kills":45,"minecraft:animals_bred":5,"minecraft:open_barrel":15,"minecraft:interact_with_crafting_table":33,"minecraft:leave_game":2,"minecraft:time_since_death":17367,"minecraft:sprint_one_cm":391467,"minecraft:walk_one_cm":786844,"minecraft:drop":20,"minecraft:play_time":324170,"minecraft:deaths":10,"minecraft:sneak_time":11672,"minecraft:walk_under_water_one_cm":15244,"minecraft:jump":2020,"minecraft:walk_on_water_one_cm":11508,"minecraft:total_world_time":324170,"minecraft:interact_with_furnace":26,"minecraft:interact_with_stonecutter":31,"minecraft:sleep_in_bed":12,"minecraft:time_since_rest":2365,"minecraft:damage_taken":6129,"minecraft:damage_dealt":7733,"minecraft:swim_one_cm":24454,"minecraft:fly_one_cm":299009,"minecraft:open_chest":93,"minecraft:crouch_one_cm":18791,"minecraft:fall_one_cm":55384},"minecraft:dropped":{"minecraft:spruce_fence_gate":2,"minecraft:oxeye_daisy":18,"minecraft:diorite":1,"minecraft:string":1,"minecraft:raw_copper":19,"minecraft:rotten_flesh":44},"minecraft:killed_by":{"minecraft:skeleton":1,"minecraft:zombie":6},"minecraft:picked_up":{"minecraft:iron_chestplate":3,"minecraft:crafting_table":7,"minecraft:wheat":16,"minecraft:chicken":4,"mcwbridges:spruce_log_bridge_stair":25,"minecraft:brown_mushroom":10,"minecraft:lead":2,"minecraft:wooden_pickaxe":1,"minecraft:raw_copper":210,"minecraft:string":5,"minecraft:moss_carpet":6,"minecraft:iron_axe":3,"minecraft:cooked_salmon":1,"minecraft:bucket":3,"minecraft:spruce_planks":269,"minecraft:redstone_torch":1,"mcwbridges:bridge_torch":2,"sawmill:sawmill":2,"minecraft:iron_pickaxe":1,"minecraft:spruce_slab":25,"minecraft:chest":8,"minecraft:egg":2,"minecraft:furnace":1,"minecraft:stick":161,"minecraft:raw_iron":30,"minecraft:spruce_stairs":52,"minecraft:torch":84,"minecraft:spruce_fence":8,"minecraft:diorite":1,"minecraft:redstone":65,"minecraft:arrow":8,"minecraft:stone_shovel":2,"minecraft:rotten_flesh":45,"minecraft:cod":2,"minecraft:cobblestone":73,"minecraft:oxeye_daisy":90,"minecraft:feather":6,"minecraft:andesite":4,"minecraft:salmon":4,"minecraft:leather":11,"minecraft:red_mushroom":8,"mcwbridges:spruce_bridge_pier":14,"minecraft:light_gray_dye":60,"minecraft:gunpowder":4,"minecraft:dirt":272,"minecraft:bone":7,"mcwdoors:birch_barn_door":2,"minecraft:rabbit_hide":2,"minecraft:wheat_seeds":101,"minecraft:iron_ingot":1,"toms_storage:basic_inventory_hopper":2,"minecraft:stone_pickaxe":1,"minecraft:rabbit":1,"mcwdoors:spruce_barn_door":6,"minecraft:iron_sword":3,"mcwroofs:spruce_planks_steep_roof":6,"mcwroofs:spruce_lower_roof":2,"minecraft:stripped_spruce_log":1,"minecraft:spruce_sapling":90,"minecraft:spruce_log":314,"minecraft:white_bed":6,"minecraft:grass_block":194,"minecraft:barrel":12,"minecraft:spider_eye":1,"minecraft:iron_hoe":2,"minecraft:spruce_fence_gate":7,"mcwpaths:spruce_planks_path":34,"minecraft:granite":12,"minecraft:bone_meal":1,"minecraft:emerald":80,"minecraft:coal":301},"minecraft:mined":{"minecraft:farmland":1,"minecraft:spruce_planks":113,"minecraft:white_bed":5,"minecraft:granite":3,"minecraft:spruce_fence":3,"minecraft:grass_block":220,"sawmill:sawmill":2,"minecraft:spruce_leaves":45,"minecraft:red_mushroom":4,"minecraft:oxeye_daisy":75,"minecraft:spruce_sapling":1,"minecraft:furnace":1,"minecraft:barrel":8,"minecraft:andesite":4,"minecraft:stripped_spruce_log":1,"mcwdoors:spruce_barn_door":6,"minecraft:stone":35,"minecraft:spruce_slab":6,"minecraft:brown_mushroom":9,"mcwbridges:spruce_bridge_pier":14,"minecraft:crafting_table":3,"minecraft:torch":5,"mcwbridges:spruce_log_bridge_stair":11,"minecraft:short_grass":165,"minecraft:chest":3,"minecraft:tall_grass":45,"minecraft:wall_torch":7,"mcwroofs:spruce_planks_steep_roof":6,"minecraft:spruce_stairs":12,"minecraft:wheat":16,"minecraft:spruce_log":105,"minecraft:dirt":47,"mcwpaths:spruce_planks_path":10,"minecraft:spruce_fence_gate":1,"minecraft:fern":1}},"DataVersion":3953}