{"stats":{"minecraft:killed_by":{"minecraft:zombie_villager":4},"minecraft:killed":{"minecraft:cave_spider":2,"minecraft:spider":9,"minecraft:skeleton":17,"minecraft:zombie_villager":5,"minecraft:creeper":9,"minecraft:sheep":4,"minecraft:zombie":57,"minecraft:bat":1,"minecraft:enderman":1},"minecraft:used":{"minecraft:jack_o_lantern":7,"minecraft:iron_shovel":481,"minecraft:chest":23,"minecraft:shield":123,"minecraft:stone":57,"minecraft:iron_sword":266,"minecraft:carrot":1,"minecraft:stripped_spruce_log":1,"minecraft:lava_bucket":2,"minecraft:bricks":556,"minecraft:lantern":23,"minecraft:dark_oak_slab":347,"minecraft:mossy_cobblestone_slab":1,"minecraft:cherry_leaves":14,"minecraft:stone_brick_stairs":44,"minecraft:stone_bricks":42,"minecraft:hay_block":4,"minecraft:furnace":11,"minecraft:egg":1,"minecraft:potato":30,"minecraft:diorite":34,"minecraft:brick_wall":19,"minecraft:copper_door":3,"minecraft:stone_pickaxe":1394,"minecraft:dark_oak_sign":6,"minecraft:oak_planks":4,"minecraft:sugar_cane":5,"minecraft:golden_apple":2,"minecraft:dark_oak_trapdoor":36,"minecraft:black_bed":38,"minecraft:shears":29,"minecraft:pumpkin_seeds":3,"minecraft:bread":118,"minecraft:polished_granite":1,"minecraft:gravel":20,"minecraft:dark_oak_fence":42,"minecraft:andesite":7,"minecraft:chain":24,"minecraft:chest_minecart":1,"minecraft:coarse_dirt":3,"mcwbridges:bridge_lantern":10,"minecraft:stone_shovel":309,"minecraft:spruce_planks":261,"minecraft:stone_hoe":95,"minecraft:torch":584,"minecraft:spyglass":1,"minecraft:dirt":154,"minecraft:anvil":1,"minecraft:spruce_stairs":15,"minecraft:granite":19,"minecraft:iron_hoe":60,"minecraft:stone_brick_slab":34,"minecraft:dark_oak_planks":157,"minecraft:iron_axe":435,"minecraft:oxidized_copper_door":1,"minecraft:cobbled_deepslate":106,"minecraft:cherry_log":1,"minecraft:pumpkin":4,"minecraft:pointed_dripstone":1,"minecraft:wheat_seeds":508,"minecraft:cooked_mutton":5,"minecraft:water_bucket":4,"minecraft:polished_andesite":1,"minecraft:brown_mushroom":1,"minecraft:cauldron":1,"minecraft:spruce_sign":8,"minecraft:stonecutter":1,"minecraft:rail":3,"minecraft:crafting_table":5,"minecraft:white_bed":8,"minecraft:dark_oak_fence_gate":2,"minecraft:spruce_log":58,"minecraft:dark_oak_door":2,"minecraft:oxeye_daisy":1,"minecraft:iron_pickaxe":1612,"minecraft:stone_axe":102,"minecraft:cobblestone":836,"minecraft:bucket":6,"minecraft:glass_pane":8},"minecraft:dropped":{"minecraft:iron_sword":1,"minecraft:brown_mushroom":9,"minecraft:chest_minecart":1,"minecraft:rail":16,"minecraft:flint":4,"minecraft:dirt":9,"minecraft:sand":3,"minecraft:iron_pickaxe":1,"minecraft:bone":2,"minecraft:gravel":9,"minecraft:cherry_sapling":6,"minecraft:rotten_flesh":57,"minecraft:melon_seeds":2,"minecraft:leather_boots":1,"minecraft:arrow":4,"minecraft:stone_hoe":1,"minecraft:wheat_seeds":689,"minecraft:golden_helmet":1,"minecraft:granite":200,"minecraft:coal":32,"minecraft:diorite":1,"minecraft:iron_axe":1,"minecraft:iron_shovel":1,"minecraft:spruce_sapling":21,"minecraft:stone_shovel":2,"minecraft:clay_ball":16,"minecraft:shield":2,"minecraft:andesite":4,"minecraft:golden_leggings":1,"minecraft:stone_pickaxe":9},"minecraft:picked_up":{"minecraft:iron_chestplate":3,"minecraft:wheat":373,"minecraft:lead":2,"minecraft:stone_brick_stairs":21,"minecraft:raw_copper":91,"minecraft:string":5,"minecraft:dark_oak_trapdoor":6,"minecraft:iron_leggings":2,"minecraft:cobbled_deepslate":138,"minecraft:spruce_planks":260,"minecraft:iron_pickaxe":5,"minecraft:iron_boots":2,"minecraft:furnace":4,"minecraft:golden_helmet":1,"minecraft:stick":48,"minecraft:oak_fence":1,"minecraft:brick_wall":2,"minecraft:torch":42,"minecraft:spruce_stairs":7,"minecraft:cherry_log":12,"minecraft:pointed_dripstone":4,"minecraft:diorite":71,"minecraft:copper_door":2,"minecraft:rotten_flesh":57,"minecraft:carved_pumpkin":4,"minecraft:cobblestone":1985,"minecraft:mossy_cobblestone_slab":1,"minecraft:water_bucket":1,"minecraft:cherry_leaves":22,"minecraft:andesite":11,"minecraft:black_bed":40,"minecraft:golden_leggings":1,"minecraft:potato":32,"minecraft:flint":4,"minecraft:lantern":5,"minecraft:dirt":312,"minecraft:oxidized_copper_door":2,"minecraft:lapis_lazuli":139,"minecraft:polished_granite":1,"minecraft:leather_boots":1,"minecraft:bone":17,"minecraft:wheat_seeds":1069,"minecraft:raw_gold":85,"minecraft:moss_block":29,"minecraft:oak_planks":40,"minecraft:sand":3,"minecraft:stripped_spruce_log":9,"minecraft:ink_sac":1,"minecraft:dark_oak_log":39,"minecraft:polished_andesite":1,"minecraft:diamond":59,"minecraft:granite":324,"minecraft:golden_apple":4,"minecraft:spruce_sign":3,"minecraft:bread":84,"minecraft:emerald":33,"minecraft:jack_o_lantern":3,"minecraft:dark_oak_fence":1,"minecraft:bricks":122,"minecraft:crafting_table":2,"minecraft:coarse_dirt":3,"minecraft:clay_ball":1628,"minecraft:chest_minecart":2,"minecraft:brown_mushroom":10,"minecraft:chain":47,"minecraft:shield":3,"minecraft:moss_carpet":1,"minecraft:iron_axe":1,"minecraft:candle":6,"minecraft:sugar_cane":417,"minecraft:chest":3,"minecraft:egg":1,"minecraft:raw_iron":451,"minecraft:carrot":1,"minecraft:redstone":91,"minecraft:dark_oak_planks":23,"minecraft:arrow":13,"minecraft:hay_block":20,"minecraft:gold_ingot":6,"minecraft:glow_berries":14,"minecraft:mutton":5,"minecraft:white_wool":4,"minecraft:rail":138,"minecraft:oxeye_daisy":1,"minecraft:red_mushroom":1,"minecraft:filled_map":1,"minecraft:gunpowder":4,"minecraft:stone_bricks":10,"minecraft:apple":1,"minecraft:spore_blossom":2,"minecraft:stone_pickaxe":4,"minecraft:flowering_azalea":2,"minecraft:iron_sword":2,"minecraft:book":6,"minecraft:dark_oak_slab":27,"minecraft:pumpkin":12,"minecraft:stone_brick_slab":9,"minecraft:spyglass":3,"minecraft:gravel":33,"mcwbridges:bridge_lantern":10,"minecraft:spruce_sapling":47,"minecraft:white_bed":8,"minecraft:spruce_log":266,"minecraft:dark_oak_fence_gate":1,"minecraft:spider_eye":4,"minecraft:pumpkin_seeds":16,"minecraft:iron_helmet":3,"minecraft:cherry_sapling":6,"minecraft:baked_potato":50,"minecraft:melon_seeds":5,"minecraft:coal":1252},"minecraft:broken":{"minecraft:stone_pickaxe":12,"minecraft:stone_shovel":1,"minecraft:iron_axe":2,"minecraft:iron_pickaxe":9},"minecraft:crafted":{"mcwbridges:bridge_lantern":2,"minecraft:brick":1804,"minecraft:black_dye":1,"minecraft:brick_wall":6,"minecraft:stone":167,"minecraft:cooked_mutton":5,"minecraft:glass":17,"minecraft:dark_oak_door":3,"minecraft:stone_brick_slab":18,"minecraft:iron_boots":1,"minecraft:chest":20,"minecraft:bricks":451,"minecraft:stone_hoe":1,"minecraft:stone_bricks":10,"minecraft:cauldron":1,"minecraft:crafting_table":3,"minecraft:spruce_planks":462,"minecraft:baked_potato":25,"minecraft:iron_helmet":2,"minecraft:copper_door":2,"minecraft:copper_ingot":57,"minecraft:hay_block":13,"minecraft:stone_brick_stairs":44,"minecraft:dark_oak_slab":405,"minecraft:iron_chestplate":1,"minecraft:charcoal":185,"minecraft:shield":4,"minecraft:stick":252,"minecraft:iron_ingot":197,"minecraft:iron_pickaxe":15,"minecraft:iron_block":3,"minecraft:gold_ingot":28,"minecraft:black_bed":1,"minecraft:dark_oak_fence_gate":1,"minecraft:stone_shovel":3,"minecraft:iron_nugget":154,"minecraft:furnace":7,"minecraft:dark_oak_trapdoor":43,"minecraft:jack_o_lantern":4,"minecraft:dark_oak_sign":15,"minecraft:glass_pane":16,"minecraft:lantern":20,"minecraft:spruce_stairs":4,"minecraft:dark_oak_fence":48,"minecraft:iron_axe":5,"minecraft:iron_hoe":1,"minecraft:stone_pickaxe":17,"minecraft:redstone_block":11,"minecraft:dark_oak_planks":664,"minecraft:wheat":171,"minecraft:spruce_sign":5,"minecraft:iron_sword":2,"minecraft:bucket":2,"minecraft:stone_axe":1,"minecraft:air":0,"minecraft:bread":172,"minecraft:iron_shovel":2,"minecraft:iron_leggings":1,"minecraft:stonecutter":1,"minecraft:anvil":1,"minecraft:white_bed":1,"minecraft:torch":666,"minecraft:lapis_lazuli":27,"minecraft:lapis_block":11},"minecraft:custom":{"minecraft:animals_bred":25,"minecraft:interact_with_crafting_table":172,"minecraft:open_barrel":1,"minecraft:leave_game":11,"minecraft:time_since_death":41212,"minecraft:sprint_one_cm":1513363,"minecraft:damage_blocked_by_shield":6349,"minecraft:drop":87,"minecraft:play_time":765982,"minecraft:deaths":5,"minecraft:jump":8217,"minecraft:interact_with_brewingstand":1,"minecraft:walk_on_water_one_cm":104486,"minecraft:enchant_item":6,"minecraft:interact_with_furnace":240,"minecraft:interact_with_loom":1,"minecraft:sleep_in_bed":69,"minecraft:damage_dealt":21544,"minecraft:crouch_one_cm":155841,"minecraft:use_cauldron":1,"minecraft:mob_kills":107,"minecraft:interact_with_anvil":1,"minecraft:climb_one_cm":3962,"minecraft:walk_one_cm":2995973,"minecraft:sneak_time":64043,"minecraft:walk_under_water_one_cm":80730,"minecraft:total_world_time":765982,"minecraft:interact_with_stonecutter":14,"minecraft:time_since_rest":11681,"minecraft:damage_taken":6355,"minecraft:damage_absorbed":80,"minecraft:swim_one_cm":117327,"minecraft:fly_one_cm":633860,"minecraft:open_chest":445,"minecraft:fall_one_cm":151482},"minecraft:mined":{"minecraft:spruce_planks":260,"minecraft:white_bed":8,"minecraft:cherry_log":1,"minecraft:carved_pumpkin":4,"minecraft:cave_vines_plant":1,"minecraft:granite":324,"minecraft:grass_block":186,"minecraft:spawner":1,"minecraft:tall_seagrass":7,"minecraft:mossy_cobblestone_slab":1,"minecraft:dark_oak_trapdoor":6,"minecraft:iron_ore":2,"minecraft:cobbled_deepslate":11,"minecraft:moss_carpet":1,"minecraft:pointed_dripstone":4,"minecraft:cave_vines":3,"minecraft:dirt_path":2,"minecraft:brown_mushroom":3,"minecraft:clay":421,"minecraft:torch":6,"minecraft:chest":3,"minecraft:spruce_wall_sign":3,"minecraft:cobblestone":244,"minecraft:sugar_cane":210,"minecraft:oak_planks":39,"minecraft:bricks":122,"minecraft:wall_torch":17,"minecraft:seagrass":9,"minecraft:chain":29,"minecraft:dark_oak_slab":26,"minecraft:wheat":385,"minecraft:black_bed":38,"minecraft:stone_brick_stairs":21,"minecraft:cracked_deepslate_tiles":1,"minecraft:sand":3,"minecraft:dirt":119,"minecraft:deepslate":104,"minecraft:candle":2,"minecraft:cherry_sapling":1,"minecraft:jack_o_lantern":3,"minecraft:glow_lichen":1,"minecraft:dark_oak_fence":1,"minecraft:spruce_leaves":14,"minecraft:red_mushroom":1,"minecraft:moss_block":30,"minecraft:hay_block":21,"minecraft:spore_blossom":2,"minecraft:spruce_sapling":2,"minecraft:furnace":4,"minecraft:dark_oak_fence_gate":1,"minecraft:andesite":11,"minecraft:stripped_spruce_log":9,"minecraft:bookshelf":2,"minecraft:potatoes":9,"minecraft:vine":2,"minecraft:rail":122,"minecraft:lantern":3,"minecraft:stone":1700,"minecraft:podzol":4,"minecraft:flowering_azalea":2,"minecraft:glass_pane":4,"minecraft:brick_wall":2,"minecraft:stone_brick_slab":10,"minecraft:copper_door":2,"minecraft:polished_granite":1,"minecraft:oak_fence":1,"minecraft:crafting_table":2,"minecraft:short_grass":44,"minecraft:emerald_ore":4,"minecraft:oxidized_copper_door":2,"minecraft:copper_ore":13,"mcwbridges:bridge_lantern":10,"minecraft:diorite":72,"minecraft:spruce_stairs":7,"minecraft:coarse_dirt":3,"minecraft:spruce_log":17,"minecraft:coal_ore":8,"minecraft:cherry_leaves":25,"minecraft:gravel":30,"minecraft:polished_andesite":1,"minecraft:stone_bricks":10,"minecraft:fern":2,"minecraft:dark_oak_planks":24}},"DataVersion":3953}