{"stats":{"minecraft:broken":{"minecraft:stone_pickaxe":12,"minecraft:iron_axe":1,"minecraft:iron_pickaxe":3,"minecraft:stone_shovel":1},"minecraft:mined":{"minecraft:dark_oak_planks":4,"minecraft:spruce_planks":260,"minecraft:white_bed":8,"minecraft:glow_lichen":1,"minecraft:granite":323,"minecraft:grass_block":113,"minecraft:spruce_leaves":9,"minecraft:spawner":1,"minecraft:tall_seagrass":7,"minecraft:spruce_sapling":1,"minecraft:furnace":4,"minecraft:dark_oak_trapdoor":5,"minecraft:iron_ore":2,"minecraft:cobbled_deepslate":7,"minecraft:dark_oak_fence_gate":1,"minecraft:andesite":11,"minecraft:stripped_spruce_log":9,"minecraft:pointed_dripstone":4,"minecraft:dirt_path":1,"minecraft:rail":121,"minecraft:lantern":2,"minecraft:stone":1403,"minecraft:brown_mushroom":3,"minecraft:stone_brick_slab":2,"minecraft:copper_door":2,"minecraft:oak_fence":1,"minecraft:clay":302,"minecraft:crafting_table":2,"minecraft:torch":5,"minecraft:short_grass":33,"minecraft:chest":3,"minecraft:spruce_wall_sign":3,"minecraft:cobblestone":176,"minecraft:copper_ore":13,"mcwbridges:bridge_lantern":10,"minecraft:sugar_cane":106,"minecraft:oak_planks":39,"minecraft:bricks":41,"minecraft:diorite":72,"minecraft:wall_torch":15,"minecraft:seagrass":9,"minecraft:spruce_stairs":7,"minecraft:chain":25,"minecraft:dark_oak_slab":14,"minecraft:wheat":144,"minecraft:spruce_log":14,"minecraft:black_bed":11,"minecraft:coal_ore":8,"minecraft:gravel":11,"minecraft:sand":2,"minecraft:dirt":41,"minecraft:deepslate":63,"minecraft:fern":2},"minecraft:killed":{"minecraft:cave_spider":2,"minecraft:spider":1,"minecraft:skeleton":1,"minecraft:zombie_villager":1,"minecraft:bat":1,"minecraft:creeper":1,"minecraft:sheep":4,"minecraft:zombie":10},"minecraft:used":{"minecraft:iron_shovel":219,"minecraft:stone_shovel":309,"minecraft:chest":20,"minecraft:spruce_planks":261,"minecraft:shield":9,"minecraft:iron_sword":125,"minecraft:stone_hoe":95,"minecraft:torch":237,"minecraft:dirt":96,"minecraft:spruce_stairs":15,"minecraft:granite":19,"minecraft:stripped_spruce_log":1,"minecraft:stone_brick_slab":10,"minecraft:iron_hoe":1,"minecraft:dark_oak_planks":133,"minecraft:lava_bucket":2,"minecraft:bricks":377,"minecraft:lantern":15,"minecraft:iron_axe":235,"minecraft:dark_oak_slab":297,"minecraft:furnace":10,"minecraft:cobbled_deepslate":62,"minecraft:pointed_dripstone":1,"minecraft:wheat_seeds":266,"minecraft:cooked_mutton":5,"minecraft:water_bucket":2,"minecraft:diorite":34,"minecraft:copper_door":3,"minecraft:stone_pickaxe":1394,"minecraft:oak_planks":4,"minecraft:stonecutter":1,"minecraft:cauldron":1,"minecraft:brown_mushroom":1,"minecraft:sugar_cane":4,"minecraft:spruce_sign":8,"minecraft:golden_apple":1,"minecraft:dark_oak_trapdoor":29,"minecraft:rail":2,"minecraft:crafting_table":4,"minecraft:white_bed":8,"minecraft:dark_oak_fence_gate":2,"minecraft:black_bed":12,"minecraft:spruce_log":55,"minecraft:oxeye_daisy":1,"minecraft:bread":51,"minecraft:iron_pickaxe":936,"minecraft:gravel":13,"minecraft:stone_axe":93,"minecraft:cobblestone":613,"minecraft:dark_oak_fence":22,"minecraft:andesite":7,"minecraft:bucket":3,"minecraft:chain":16,"minecraft:glass_pane":4,"minecraft:chest_minecart":1,"mcwbridges:bridge_lantern":10},"minecraft:picked_up":{"minecraft:crafting_table":2,"minecraft:wheat":139,"minecraft:clay_ball":1176,"minecraft:lead":2,"minecraft:chest_minecart":1,"minecraft:brown_mushroom":10,"minecraft:chain":43,"minecraft:dark_oak_trapdoor":5,"minecraft:string":1,"minecraft:raw_copper":57,"minecraft:cobbled_deepslate":70,"minecraft:spruce_planks":260,"minecraft:sugar_cane":217,"minecraft:chest":3,"minecraft:furnace":4,"minecraft:stick":41,"minecraft:raw_iron":184,"minecraft:oak_fence":1,"minecraft:torch":34,"minecraft:spruce_stairs":7,"minecraft:pointed_dripstone":4,"minecraft:diorite":71,"minecraft:redstone":91,"minecraft:copper_door":2,"minecraft:dark_oak_planks":4,"minecraft:arrow":2,"minecraft:rotten_flesh":14,"minecraft:mutton":5,"minecraft:rail":121,"minecraft:white_wool":4,"minecraft:cobblestone":1621,"minecraft:oxeye_daisy":1,"minecraft:water_bucket":1,"minecraft:andesite":11,"minecraft:black_bed":11,"minecraft:potato":2,"minecraft:filled_map":1,"minecraft:flint":2,"minecraft:dirt":155,"minecraft:lapis_lazuli":103,"minecraft:lantern":2,"minecraft:bone":2,"minecraft:wheat_seeds":426,"minecraft:raw_gold":6,"minecraft:stone_pickaxe":4,"minecraft:oak_planks":40,"minecraft:dark_oak_slab":14,"minecraft:stone_brick_slab":2,"mcwbridges:bridge_lantern":10,"minecraft:gravel":13,"minecraft:sand":2,"minecraft:stripped_spruce_log":9,"minecraft:spruce_sapling":45,"minecraft:ink_sac":1,"minecraft:white_bed":8,"minecraft:spruce_log":230,"minecraft:dark_oak_fence_gate":1,"minecraft:spider_eye":1,"minecraft:diamond":5,"minecraft:granite":323,"minecraft:spruce_sign":3,"minecraft:emerald":1,"minecraft:melon_seeds":3,"minecraft:bricks":41,"minecraft:coal":252},"minecraft:custom":{"minecraft:mob_kills":22,"minecraft:animals_bred":2,"minecraft:interact_with_crafting_table":114,"minecraft:leave_game":10,"minecraft:time_since_death":441912,"minecraft:sprint_one_cm":676150,"minecraft:walk_one_cm":1721427,"minecraft:damage_blocked_by_shield":480,"minecraft:drop":39,"minecraft:play_time":447386,"minecraft:deaths":1,"minecraft:sneak_time":36484,"minecraft:walk_under_water_one_cm":45861,"minecraft:jump":3737,"minecraft:walk_on_water_one_cm":62768,"minecraft:total_world_time":447386,"minecraft:interact_with_furnace":169,"minecraft:interact_with_loom":1,"minecraft:interact_with_stonecutter":3,"minecraft:sleep_in_bed":43,"minecraft:time_since_rest":11735,"minecraft:damage_taken":3096,"minecraft:damage_absorbed":40,"minecraft:damage_dealt":3603,"minecraft:swim_one_cm":69618,"minecraft:fly_one_cm":203975,"minecraft:open_chest":225,"minecraft:crouch_one_cm":87209,"minecraft:fall_one_cm":73021},"minecraft:crafted":{"minecraft:brick":1368,"minecraft:black_dye":1,"minecraft:stone_shovel":3,"minecraft:iron_nugget":127,"minecraft:furnace":6,"minecraft:dark_oak_trapdoor":27,"minecraft:stone":25,"minecraft:cooked_mutton":5,"minecraft:glass_pane":16,"minecraft:lantern":16,"minecraft:glass":17,"minecraft:spruce_stairs":4,"minecraft:dark_oak_fence":27,"minecraft:iron_boots":1,"minecraft:iron_axe":2,"minecraft:iron_hoe":1,"minecraft:stone_pickaxe":17,"minecraft:chest":17,"minecraft:redstone_block":11,"minecraft:bricks":336,"minecraft:dark_oak_planks":508,"minecraft:stone_hoe":1,"minecraft:stone_bricks":4,"minecraft:cauldron":1,"minecraft:spruce_sign":5,"minecraft:crafting_table":2,"minecraft:spruce_planks":366,"minecraft:baked_potato":25,"minecraft:iron_helmet":1,"minecraft:iron_sword":1,"minecraft:copper_door":2,"minecraft:copper_ingot":57,"minecraft:stone_axe":1,"minecraft:bread":77,"minecraft:air":0,"minecraft:dark_oak_slab":405,"minecraft:iron_chestplate":1,"minecraft:charcoal":185,"minecraft:shield":1,"minecraft:stick":116,"minecraft:iron_ingot":184,"minecraft:iron_pickaxe":8,"minecraft:iron_shovel":1,"minecraft:iron_leggings":1,"minecraft:gold_ingot":6,"minecraft:black_bed":1,"minecraft:stonecutter":1,"minecraft:white_bed":1,"minecraft:dark_oak_fence_gate":1,"minecraft:torch":266,"minecraft:lapis_block":11,"mcwbridges:bridge_lantern":2},"minecraft:dropped":{"minecraft:stone_hoe":1,"minecraft:brown_mushroom":9,"minecraft:wheat_seeds":288,"minecraft:granite":199,"minecraft:coal":32,"minecraft:flint":2,"minecraft:diorite":1,"minecraft:sand":2,"minecraft:spruce_sapling":21,"minecraft:stone_shovel":2,"minecraft:rotten_flesh":14,"minecraft:andesite":4,"minecraft:stone_pickaxe":9}},"DataVersion":3953}