{
  "minecraft:recipes/redstone/lever": {
    "criteria": {
      "has_cobblestone": "2024-08-27 18:53:45 +0000"
    },
    "done": true
  },
  "mcwbridges:recipes/rope_jungle_bridge": {
    "criteria": {
      "has_planks": "2024-08-27 18:52:01 +0000"
    },
    "done": true
  },
  "minecraft:recipes/decorations/ladder": {
    "criteria": {
      "has_stick": "2024-08-27 18:52:25 +0000"
    },
    "done": true
  },
  "nova_structures:adventure/find_shrine": {
    "criteria": {
      "shrine_combat": "2024-08-27 18:56:31 +0000"
    },
    "done": true
  },
  "minecraft:recipes/food/cake": {
    "criteria": {
      "has_egg": "2024-08-27 18:57:44 +0000"
    },
    "done": true
  },
  "mcwbridges:recipes/jungle_log_bridge_middle": {
    "criteria": {
      "has_planks": "2024-08-27 18:52:01 +0000"
    },
    "done": true
  },
  "minecraft:recipes/food/cooked_chicken_from_campfire_cooking": {
    "criteria": {
      "has_chicken": "2024-08-27 18:55:08 +0000"
    },
    "done": true
  },
  "mcwtrpdoors:recipes/acacia/jungle_bark_trapdoor": {
    "criteria": {
      "has_logs": "2024-08-27 18:49:33 +0000"
    },
    "done": true
  },
  "minecraft:recipes/building_blocks/jungle_wood": {
    "criteria": {
      "has_log": "2024-08-27 18:49:33 +0000"
    },
    "done": true
  },
  "minecraft:recipes/combat/stone_sword": {
    "criteria": {
      "has_cobblestone": "2024-08-27 18:53:45 +0000"
    },
    "done": true
  },
  "minecraft:recipes/decorations/cobblestone_wall": {
    "criteria": {
      "has_cobblestone": "2024-08-27 18:53:45 +0000"
    },
    "done": true
  },
  "minecraft:recipes/food/cooked_chicken": {
    "criteria": {
      "has_chicken": "2024-08-27 18:55:08 +0000"
    },
    "done": true
  },
  "minecraft:recipes/tools/stone_axe": {
    "criteria": {
      "has_cobblestone": "2024-08-27 18:53:45 +0000"
    },
    "done": true
  },
  "mcwtrpdoors:recipes/jungle/jungle_cottage_trapdoor": {
    "criteria": {
      "has_logs": "2024-08-27 18:49:33 +0000"
    },
    "done": true
  },
  "mcwdoors:recipes/jungle": {
    "criteria": {
      "has_wood": "2024-08-27 18:49:33 +0000"
    },
    "done": true
  },
  "mcwroofs:recipes/jungle_planks": {
    "criteria": {
      "has_planks": "2024-08-27 18:52:01 +0000"
    },
    "done": true
  },
  "minecraft:story/mine_stone": {
    "criteria": {
      "get_stone": "2024-08-27 18:53:45 +0000"
    },
    "done": true
  },
  "minecraft:recipes/decorations/furnace": {
    "criteria": {
      "has_cobblestone": "2024-08-27 18:53:45 +0000"
    },
    "done": true
  },
  "mcwtrpdoors:recipes/jungle/jungle_swamp_trapdoor": {
    "criteria": {
      "has_logs": "2024-08-27 18:49:33 +0000"
    },
    "done": true
  },
  "minecraft:recipes/tools/wooden_axe": {
    "criteria": {
      "has_stick": "2024-08-27 18:52:25 +0000"
    },
    "done": true
  },
  "minecraft:recipes/combat/arrow": {
    "criteria": {
      "has_feather": "2024-08-27 18:55:08 +0000"
    },
    "done": true
  },
  "minecraft:adventure/distant_lands": {
    "criteria": {
      "clifftree:sparse_forest": "2024-08-27 18:50:44 +0000",
      "clifftree:tropical_river": "2024-08-27 18:59:30 +0000",
      "minecraft:sparse_jungle": "2024-08-27 18:56:27 +0000",
      "minecraft:jungle": "2024-08-27 18:49:21 +0000",
      "clifftree:granite_shore": "2024-08-27 18:54:02 +0000"
    },
    "done": false
  },
  "minecraft:recipes/decorations/crafting_table": {
    "criteria": {
      "unlock_right_away": "2024-08-27 18:49:20 +0000"
    },
    "done": true
  },
  "minecraft:recipes/decorations/chest": {
    "criteria": {
      "has_lots_of_items": "2024-08-27 18:54:43 +0000"
    },
    "done": true
  },
  "minecraft:recipes/misc/stick": {
    "criteria": {
      "has_planks": "2024-08-27 18:52:01 +0000"
    },
    "done": true
  },
  "minecraft:recipes/building_blocks/mossy_cobblestone_stairs_from_mossy_cobblestone_stonecutting": {
    "criteria": {
      "has_mossy_cobblestone": "2024-08-27 18:54:20 +0000"
    },
    "done": true
  },
  "minecraft:recipes/building_blocks/cobblestone_slab_from_cobblestone_stonecutting": {
    "criteria": {
      "has_cobblestone": "2024-08-27 18:53:45 +0000"
    },
    "done": true
  },
  "minecraft:recipes/transportation/cherry_boat": {
    "criteria": {
      "in_water": "2024-08-27 18:53:25 +0000"
    },
    "done": true
  },
  "mcwtrpdoors:recipes/jungle/jungle_ranch_trapdoor": {
    "criteria": {
      "has_logs": "2024-08-27 18:49:33 +0000"
    },
    "done": true
  },
  "minecraft:recipes/building_blocks/stone": {
    "criteria": {
      "has_cobblestone": "2024-08-27 18:53:45 +0000"
    },
    "done": true
  },
  "minecraft:recipes/transportation/bamboo_raft": {
    "criteria": {
      "in_water": "2024-08-27 18:53:25 +0000"
    },
    "done": true
  },
  "mcwroofs:recipes/jungle": {
    "criteria": {
      "has_planks": "2024-08-27 18:49:33 +0000"
    },
    "done": true
  },
  "mcwbridges:recipes/mossy_cobblestone_bridge_pier": {
    "criteria": {
      "has_planks": "2024-08-27 18:54:20 +0000"
    },
    "done": true
  },
  "minecraft:recipes/transportation/spruce_boat": {
    "criteria": {
      "in_water": "2024-08-27 18:53:25 +0000"
    },
    "done": true
  },
  "minecraft:recipes/redstone/jungle_button": {
    "criteria": {
      "has_planks": "2024-08-27 18:52:01 +0000"
    },
    "done": true
  },
  "minecraft:husbandry/root": {
    "criteria": {
      "consumed_item": "2024-08-27 18:58:54 +0000"
    },
    "done": true
  },
  "minecraft:recipes/transportation/birch_boat": {
    "criteria": {
      "in_water": "2024-08-27 18:53:25 +0000"
    },
    "done": true
  },
  "minecraft:recipes/transportation/oak_boat": {
    "criteria": {
      "in_water": "2024-08-27 18:53:25 +0000"
    },
    "done": true
  },
  "minecraft:recipes/building_blocks/mossy_cobblestone_slab": {
    "criteria": {
      "has_mossy_cobblestone": "2024-08-27 18:54:20 +0000"
    },
    "done": true
  },
  "mcwtrpdoors:recipes/jungle/jungle_barn_trapdoor": {
    "criteria": {
      "has_logs": "2024-08-27 18:49:33 +0000"
    },
    "done": true
  },
  "mcwtrpdoors:recipes/jungle/jungle_four_panel_trapdoor": {
    "criteria": {
      "has_logs": "2024-08-27 18:49:33 +0000"
    },
    "done": true
  },
  "minecraft:recipes/building_blocks/jungle_stairs": {
    "criteria": {
      "has_planks": "2024-08-27 18:52:01 +0000"
    },
    "done": true
  },
  "minecraft:recipes/redstone/jungle_fence_gate": {
    "criteria": {
      "has_planks": "2024-08-27 18:52:01 +0000"
    },
    "done": true
  },
  "minecraft:recipes/building_blocks/mossy_cobblestone_stairs": {
    "criteria": {
      "has_mossy_cobblestone": "2024-08-27 18:54:20 +0000"
    },
    "done": true
  },
  "mcwbridges:recipes/jungle_bridge_pier": {
    "criteria": {
      "has_planks": "2024-08-27 18:49:33 +0000"
    },
    "done": true
  },
  "mcwtrpdoors:recipes/print_beach": {
    "criteria": {
      "has_logs": "2024-08-27 18:49:33 +0000"
    },
    "done": true
  },
  "sawmill:recipes/sawmill": {
    "criteria": {
      "has_fences": "2024-08-27 18:49:33 +0000",
      "has_slabs": "2024-08-27 18:49:33 +0000"
    },
    "done": true
  },
  "mcwbridges:recipes/mossy_cobblestone_bridge": {
    "criteria": {
      "has_planks": "2024-08-27 18:54:20 +0000"
    },
    "done": true
  },
  "minecraft:recipes/transportation/mangrove_boat": {
    "criteria": {
      "in_water": "2024-08-27 18:53:25 +0000"
    },
    "done": true
  },
  "nova_structures:root": {
    "criteria": {
      "nova_structures:adventure/find_tavern": "2024-08-27 18:57:00 +0000"
    },
    "done": true
  },
  "mcwbridges:recipes/cobblestone_bridge": {
    "criteria": {
      "has_planks": "2024-08-27 18:53:45 +0000"
    },
    "done": true
  },
  "mcwbridges:recipes/mossy_stone_brick_bridge": {
    "criteria": {
      "has_planks": "2024-08-27 18:54:20 +0000"
    },
    "done": true
  },
  "mcwbridges:recipes/balustrade_mossy_cobblestone_bridge": {
    "criteria": {
      "has_planks": "2024-08-27 18:54:20 +0000"
    },
    "done": true
  },
  "minecraft:recipes/misc/light_gray_dye_from_azure_bluet": {
    "criteria": {
      "has_azure_bluet": "2024-08-27 18:54:43 +0000"
    },
    "done": true
  },
  "mcwbridges:recipes/jungle_rail_bridge": {
    "criteria": {
      "has_planks": "2024-08-27 18:52:01 +0000"
    },
    "done": true
  },
  "mcwtrpdoors:recipes/jungle/jungle_tropical_trapdoor": {
    "criteria": {
      "has_logs": "2024-08-27 18:49:33 +0000"
    },
    "done": true
  },
  "minecraft:recipes/building_blocks/jungle_planks": {
    "criteria": {
      "has_logs": "2024-08-27 18:49:33 +0000"
    },
    "done": true
  },
  "mcwtrpdoors:recipes/jungle/jungle_glass_trapdoor": {
    "criteria": {
      "has_logs": "2024-08-27 18:49:33 +0000"
    },
    "done": true
  },
  "minecraft:recipes/tools/stone_pickaxe": {
    "criteria": {
      "has_cobblestone": "2024-08-27 18:53:45 +0000"
    },
    "done": true
  },
  "mcwtrpdoors:recipes/jungle/jungle_classic_trapdoor": {
    "criteria": {
      "has_logs": "2024-08-27 18:49:33 +0000"
    },
    "done": true
  },
  "nova_structures:adventure/find_tavern": {
    "criteria": {
      "nova_structures:tavern_jungle": "2024-08-27 18:57:00 +0000"
    },
    "done": true
  },
  "minecraft:recipes/decorations/campfire": {
    "criteria": {
      "has_stick": "2024-08-27 18:52:25 +0000"
    },
    "done": true
  },
  "minecraft:recipes/redstone/jungle_trapdoor": {
    "criteria": {
      "has_planks": "2024-08-27 18:52:01 +0000"
    },
    "done": true
  },
  "minecraft:recipes/tools/wooden_hoe": {
    "criteria": {
      "has_stick": "2024-08-27 18:52:25 +0000"
    },
    "done": true
  },
  "mcwpaths:recipes/mossy_cobblestone": {
    "criteria": {
      "has_wood": "2024-08-27 18:54:20 +0000"
    },
    "done": true
  },
  "mcwbridges:recipes/cobblestone_bridge_pier": {
    "criteria": {
      "has_planks": "2024-08-27 18:53:45 +0000"
    },
    "done": true
  },
  "minecraft:recipes/decorations/mossy_cobblestone_wall": {
    "criteria": {
      "has_mossy_cobblestone": "2024-08-27 18:54:20 +0000"
    },
    "done": true
  },
  "minecraft:recipes/food/cooked_chicken_from_smoking": {
    "criteria": {
      "has_chicken": "2024-08-27 18:55:08 +0000"
    },
    "done": true
  },
  "minecraft:recipes/misc/charcoal": {
    "criteria": {
      "has_log": "2024-08-27 18:49:33 +0000"
    },
    "done": true
  },
  "minecraft:recipes/tools/wooden_pickaxe": {
    "criteria": {
      "has_stick": "2024-08-27 18:52:25 +0000"
    },
    "done": true
  },
  "mcwpaths:recipes/jungle": {
    "criteria": {
      "has_wood": "2024-08-27 18:52:01 +0000"
    },
    "done": true
  },
  "mcwbridges:recipes/mossy_cobblestone_bridge_stair": {
    "criteria": {
      "has_planks": "2024-08-27 18:54:20 +0000"
    },
    "done": true
  },
  "minecraft:recipes/decorations/jungle_sign": {
    "criteria": {
      "has_planks": "2024-08-27 18:52:01 +0000"
    },
    "done": true
  },
  "mcwtrpdoors:recipes/jungle/jungle_mystic_trapdoor": {
    "criteria": {
      "has_logs": "2024-08-27 18:49:33 +0000"
    },
    "done": true
  },
  "minecraft:recipes/redstone/jungle_door": {
    "criteria": {
      "has_planks": "2024-08-27 18:52:01 +0000"
    },
    "done": true
  },
  "minecraft:recipes/tools/wooden_shovel": {
    "criteria": {
      "has_stick": "2024-08-27 18:52:25 +0000"
    },
    "done": true
  },
  "minecraft:recipes/building_blocks/mossy_cobblestone_slab_from_mossy_cobblestone_stonecutting": {
    "criteria": {
      "has_mossy_cobblestone": "2024-08-27 18:54:20 +0000"
    },
    "done": true
  },
  "mcwtrpdoors:recipes/jungle/jungle_barrel_trapdoor": {
    "criteria": {
      "has_logs": "2024-08-27 18:49:33 +0000"
    },
    "done": true
  },
  "minecraft:recipes/building_blocks/cobblestone_slab": {
    "criteria": {
      "has_cobblestone": "2024-08-27 18:53:45 +0000"
    },
    "done": true
  },
  "mcwtrpdoors:recipes/jungle/jungle_paper_trapdoor": {
    "criteria": {
      "has_logs": "2024-08-27 18:49:33 +0000"
    },
    "done": true
  },
  "minecraft:adventure/avoid_vibration": {
    "criteria": {
      "avoid_vibration": "2024-08-27 18:56:48 +0000"
    },
    "done": true
  },
  "minecraft:recipes/transportation/acacia_boat": {
    "criteria": {
      "in_water": "2024-08-27 18:53:25 +0000"
    },
    "done": true
  },
  "minecraft:adventure/root": {
    "criteria": {
      "killed_something": "2024-08-27 18:55:07 +0000"
    },
    "done": true
  },
  "minecraft:recipes/decorations/jungle_fence": {
    "criteria": {
      "has_planks": "2024-08-27 18:52:01 +0000"
    },
    "done": true
  },
  "mcwbridges:recipes/cobblestone_bridge_stair": {
    "criteria": {
      "has_planks": "2024-08-27 18:53:45 +0000"
    },
    "done": true
  },
  "mcwbridges:recipes/balustrade_cobblestone_bridge": {
    "criteria": {
      "has_planks": "2024-08-27 18:53:45 +0000"
    },
    "done": true
  },
  "minecraft:recipes/redstone/jungle_pressure_plate": {
    "criteria": {
      "has_planks": "2024-08-27 18:52:01 +0000"
    },
    "done": true
  },
  "minecraft:recipes/combat/wooden_sword": {
    "criteria": {
      "has_stick": "2024-08-27 18:52:25 +0000"
    },
    "done": true
  },
  "mcwtrpdoors:recipes/jungle/jungle_barred_trapdoor": {
    "criteria": {
      "has_logs": "2024-08-27 18:49:33 +0000"
    },
    "done": true
  },
  "minecraft:adventure/adventuring_time": {
    "criteria": {
      "clifftree:sparse_forest": "2024-08-27 18:50:44 +0000",
      "minecraft:sparse_jungle": "2024-08-27 18:56:27 +0000",
      "minecraft:jungle": "2024-08-27 18:49:21 +0000",
      "minecraft:river": "2024-08-27 18:59:30 +0000",
      "minecraft:stony_shore": "2024-08-27 18:54:02 +0000"
    },
    "done": false
  },
  "minecraft:recipes/decorations/barrel": {
    "criteria": {
      "has_planks": "2024-08-27 18:52:01 +0000"
    },
    "done": true
  },
  "minecraft:recipes/decorations/cobblestone_wall_from_cobblestone_stonecutting": {
    "criteria": {
      "has_cobblestone": "2024-08-27 18:53:45 +0000"
    },
    "done": true
  },
  "minecraft:recipes/building_blocks/cobblestone_stairs_from_cobblestone_stonecutting": {
    "criteria": {
      "has_cobblestone": "2024-08-27 18:53:45 +0000"
    },
    "done": true
  },
  "mcwpaths:recipes/cobblestone": {
    "criteria": {
      "has_wood": "2024-08-27 18:53:45 +0000"
    },
    "done": true
  },
  "minecraft:husbandry/balanced_diet": {
    "criteria": {
      "cooked_chicken": "2024-08-27 18:58:54 +0000"
    },
    "done": false
  },
  "minecraft:recipes/building_blocks/cobblestone_stairs": {
    "criteria": {
      "has_cobblestone": "2024-08-27 18:53:45 +0000"
    },
    "done": true
  },
  "minecraft:recipes/decorations/mossy_cobblestone_wall_from_mossy_cobblestone_stonecutting": {
    "criteria": {
      "has_mossy_cobblestone": "2024-08-27 18:54:20 +0000"
    },
    "done": true
  },
  "mcwtrpdoors:recipes/jungle/jungle_blossom_trapdoor": {
    "criteria": {
      "has_plankss": "2024-08-27 18:52:01 +0000"
    },
    "done": true
  },
  "minecraft:recipes/tools/stone_hoe": {
    "criteria": {
      "has_cobblestone": "2024-08-27 18:53:45 +0000"
    },
    "done": true
  },
  "mcwbridges:recipes/mossy_stone_bridge_pier": {
    "criteria": {
      "has_planks": "2024-08-27 18:54:20 +0000"
    },
    "done": true
  },
  "mcwroofs:recipes/cobblestone": {
    "criteria": {
      "has_planks": "2024-08-27 18:53:45 +0000"
    },
    "done": true
  },
  "mcwfurnitures:recipes/jungle": {
    "criteria": {
      "has_wood": "2024-08-27 18:49:33 +0000"
    },
    "done": true
  },
  "minecraft:recipes/tools/stone_shovel": {
    "criteria": {
      "has_cobblestone": "2024-08-27 18:53:45 +0000"
    },
    "done": true
  },
  "minecraft:recipes/building_blocks/jungle_slab": {
    "criteria": {
      "has_planks": "2024-08-27 18:52:01 +0000"
    },
    "done": true
  },
  "minecraft:recipes/transportation/jungle_boat": {
    "criteria": {
      "in_water": "2024-08-27 18:53:25 +0000"
    },
    "done": true
  },
  "minecraft:recipes/transportation/dark_oak_boat": {
    "criteria": {
      "in_water": "2024-08-27 18:53:25 +0000"
    },
    "done": true
  },
  "DataVersion": 3953
}